-0.28286624,0.23252796,0.4321666,0.15105473,-0.19787954,-0.44318023,-0.08207814,0.21446896,-0.12035584,-0.08515052,-0.37025675,-0.23904914,-0.1513633,-0.00950055,-0.01733721,-0.110791005,0.06069154,0.14781989,-0.3635855,0.24177854,-0.015149328,0.069262855,0.34328243,0.27728516,-0.21171764,0.1894382,-0.15098935,-0.2290158,0.0559514,0.017012332,-0.10944752,-0.23071559,0.14185521,0.31322107,0.0056761117,-0.124506615,0.1543824,-0.38140973,-0.044937115,-0.053474292,-0.1888646,-0.13695928,0.08429756,-0.4002376,0.09642218,0.4174479,-0.31899855,0.022993617,0.39451963,-0.21870299,-0.38216606,0.15718707,-0.0047622123,0.13925835,0.32618815,0.31227443,0.24966663,-0.19511384,-0.068756,-0.027424093,-0.113484375,0.34008753,-0.073339894,-0.035416223,-0.037592296,-0.36226666,-0.12761162,0.24087432,0.063559815,-0.015360788,0.03955112,-0.2082418,-0.17058717,0.31086057,0.114054225,-0.16533443,-0.02961366,0.20095628,0.03910061,0.08786736,0.23130396,0.06576563,0.23884849,0.10378534,-0.015570386,0.122685276,-0.04922798,0.087715335,0.30961624,-0.20680249,-0.40325123,-0.20995855,0.022780666,-0.1306969,0.16788529,-0.28594223,-0.20733382,-0.07743201,0.09961983,-0.07814945
0.20143907,0.1531401,-0.09803275,0.39543068,-0.021497272,-0.29992497,-0.0977487,-0.10004238,-0.03589489,-0.1391602,0.0073471647,0.021008443,-0.0032840425,-0.2550991,-0.028516348,-0.04242983,-0.023883605,0.07058452,-0.09265841,0.14903177,-0.33706096,0.28414667,0.3024994,-0.08532051,0.16589811,0.043572612,-0.1040975,-0.56917655,-0.056857597,-0.04663547,-0.3158884,0.21554787,-0.28809088,0.10548089,-0.33482754,-0.036707237,0.27399892,0.014076732,-0.2567081,0.024686344,-0.33414972,-0.05563898,0.36967286,-0.2168212,-0.03468273,-0.23178604,-0.7251903,0.109663494,-0.08567913,0.053338163,0.14129448,0.028768027,-0.26285553,0.18725842,-0.3163983,0.21255964,0.06338602,0.071506284,-0.23602775,0.30618468,-0.124200866,0.26333293,-0.18416506,-0.1207335,0.24922998,-0.09169001,-0.23339403,-0.119346835,-0.0032335792,-0.0015500087,-0.04505383,0.11474808,0.058350135,-0.31693608,0.0931401,0.019194098,-0.15120116,-0.035355028,-0.112226956,0.14148484,-0.22644381,-0.13804659,-0.2801647,0.10051325,-0.07340096,0.15028724,0.36737567,0.3252177,-0.102008834,-0.037068512,0.005970598,-0.124586344,-0.292543,0.19183187,0.39654756,-0.075722076,-0.18650287,-0.26061168,-0.25101408,-0.11450486
-0.12858379,0.33522007,0.07566883,0.057732735,-0.11978422,0.09603974,-0.26504463,0.17358664,-0.111970656,0.526548,-0.44047225,0.17446254,-0.12581421,-0.069950655,-0.43906558,0.52567106,0.062354676,0.015719265,0.30620632,0.29200146,-0.16143385,0.49163353,0.36445948,0.17736416,-0.22897537,0.2133232,-0.07087591,-0.36603397,0.0989229,-0.055861056,-0.22691913,-0.46481568,-0.1182783,-0.23876987,-0.16668625,0.06526344,0.22746806,-0.46179873,-0.17505234,-0.17832166,-0.008371331,-0.23759936,0.089031145,-0.2565824,-0.118898705,-0.398804,-0.039717708,-0.564112,0.28399003,0.44047588,-0.1464895,-0.0793244,-0.20171534,-0.07179049,0.026048243,-0.4474234,-0.32177266,-0.051766187,-0.00901047,0.07230766,0.08322317,0.3528788,0.04812152,0.05228318,0.10574313,0.0033365814,-0.41520435,0.18224236,0.034539297,-0.08425099,-0.006590915,0.28456464,-0.05859137,-0.40895227,0.0067428993,-0.1760098,0.12566051,0.37577203,0.06683341,-0.08951674,-0.06633961,-0.041440893,-0.141146,-0.09496404,-0.09187223,0.2500038,0.03986938,0.329394,-0.07700746,-0.033081245,0.05486867,0.09924108,-0.35261396,0.11739033,-0.29736757,-0.44503373,-0.47182572,0.20434986,-0.08360317,0.3776742
-0.08298376,-0.48186323,0.15787376,-0.60058665,-0.08409461,-0.4597249,-0.23520295,0.056018922,0.08470913,-0.07123489,-0.34193304,0.39792264,0.13273893,-0.054009955,-0.07962881,-0.3213347,-0.22258979,-0.20379035,-0.31656978,0.11340238,-0.36954483,0.57532334,0.4354342,-0.1703214,0.1627152,-0.021155613,-0.6757611,-0.43762055,-0.36536232,0.11126643,-0.19476806,-0.476892,-0.33101708,-0.17365842,-0.24129419,0.00024239074,0.10778166,0.5452786,-0.15114908,0.004008304,-0.14210102,0.15311214,-0.24607675,-0.054441415,-0.20481807,-0.3159027,0.17444095,0.17971794,0.17983311,0.14812575,0.116401,-0.17423303,0.27201068,-0.1686013,0.45870626,0.17875242,0.30044693,0.3240278,-0.20962892,0.35171115,0.11390352,0.02757377,-0.060169376,0.1799046,0.12606928,0.05448964,0.21879606,-0.50846726,-0.4322024,-0.40855205,-0.0052314354,0.17140158,0.14239469,0.06593418,-0.07354791,-0.12105173,-0.068317555,0.06319197,-0.00096667034,-0.16967008,0.46788496,0.387844,0.17335157,0.076693974,-0.5025653,0.2752424,0.31570926,0.58369994,-0.10825583,-0.40849826,-0.060616747,-0.29124218,0.018150115,0.49592212,0.28004208,0.1921995,-0.25730807,0.44714376,0.039407056,-0.1270502
0.0028633475,-0.12117922,0.14776653,-0.057521515,-0.16744101,0.06541145,-0.25834256,0.21880277,-0.061576568,0.06588534,-0.08344466,0.17296147,-0.12969723,0.007798929,0.34344035,-0.03311627,-0.13177532,-0.23813242,-0.18728015,-0.09711571,0.0042111687,0.33028826,0.3072872,-0.18061636,0.22318281,-0.067206256,-0.23111671,-0.2009113,0.1862432,-0.07449658,0.10475002,-0.12974173,-0.10254897,-0.23530243,-0.09730509,-0.19115646,-0.10076379,-0.25102067,-0.16336715,-0.18621653,-0.12302269,-0.2766468,0.078756556,-0.29733685,0.1921202,-0.06689835,-0.11849192,0.36455703,0.023001766,0.35363337,-0.029108817,-0.0861028,-0.38042748,0.18490054,0.14177558,0.047022693,-0.13888882,-0.33259377,0.15614603,0.088430196,-0.25007147,0.17695752,-0.13029408,-0.098568745,0.07510195,-0.057451833,0.09409895,-0.071573,-0.10721497,0.1458189,-0.13710621,-0.21026595,-0.21632965,0.077097505,0.123650715,-0.038019497,-0.059370447,0.113182224,-0.060288444,0.016841108,-0.046054263,0.036407825,-0.04782314,0.015167279,-0.063288145,0.10353832,0.0212284,0.17109741,-0.053146143,0.03128566,-0.10682818,0.17097227,-0.0073392475,0.20204131,0.1136562,0.10631255,-0.06766863,0.06677066,-0.11906171,0.17997497
-0.05170585,0.29911923,-0.11995512,0.0022036624,-0.36000112,-0.2129042,-0.3772717,0.13434874,-0.22338352,-0.012326946,-0.12546141,0.054114852,-0.12292344,-0.20557325,-0.17490424,-0.017007003,-0.3197066,-0.06761312,-0.057340782,-0.112719245,-0.17203343,0.31308407,-0.43839377,0.18984857,-0.008394616,0.06267013,-0.26066515,-0.03359585,0.25974753,-0.35563323,0.22810782,-0.32047206,-0.22232263,0.013920113,-0.15950933,0.014087592,-0.045637522,0.08791729,0.39922288,0.108391106,-0.35920265,0.20381424,-0.06472628,0.037659097,-0.2218076,-0.07311686,-0.23192835,-0.069840506,0.14349718,0.5667762,-0.19306959,0.22729781,0.21518616,-0.24954084,-0.23365362,-0.18059985,0.044695202,-0.2859694,-0.0009029843,0.18324766,0.06390269,0.43754974,0.15386932,0.13104054,0.11916692,-0.10610739,-0.15027377,0.048692513,-0.0101878485,0.22630176,0.11501236,-0.273007,0.050681174,-0.3071657,-0.31060803,-0.18314067,-0.20501733,0.2593097,-0.14585021,-0.023799157,-0.01714287,0.094518505,-0.011749829,0.07909097,0.42270863,0.42823493,-0.11800109,0.055384204,0.19243446,0.087792724,-0.5617508,-0.15235764,-0.16922967,0.18511412,-0.08847016,-0.12862189,-0.26149818,0.22967403,0.26423502,0.18744394
0.06124522,0.24890415,-0.35224962,-0.06474686,0.04451294,-0.055500846,0.17637214,-0.083657034,-0.81972396,-0.0032056526,-0.11554916,0.12724261,0.2613407,0.1636413,0.14358471,0.075091176,0.19161396,-0.6325117,-0.16396765,-0.4036946,0.20656267,0.4462963,0.4726907,0.3834206,0.08247431,0.20992376,-0.19592369,0.040551856,-0.41166675,0.15176807,0.22490694,0.003742861,-0.18359554,-0.4161538,-0.2589705,0.04074523,0.12060768,-0.113547415,0.043463692,0.2655792,-0.635981,0.1572708,-0.056413755,-0.40225294,0.5134462,0.41473773,-0.010974351,-0.20793286,0.7040633,0.5035626,0.1294373,0.28567198,-0.025873479,0.29686764,-0.09999371,0.55597794,-0.07905822,-0.15740852,-0.07996672,-0.127657,0.15590656,-0.28587276,0.043278728,0.25638554,0.1548325,-0.2207489,0.08085492,-0.64213663,0.40333098,-0.029786147,0.11134245,-0.21301126,-0.17842434,-0.33864036,-0.43706086,-0.37576556,-0.12495817,0.29864448,0.13955809,0.328521,0.22483064,0.4045007,0.01910212,0.23531581,-0.2744282,0.121620536,-0.1371879,0.014783868,0.50480735,-0.38833976,-0.053103674,-0.16960312,-0.2388839,0.18653992,0.23915575,-0.19713208,-0.27573878,-0.16707428,0.154587,0.15170884
-0.0031188612,0.05429589,0.14111648,-0.07862144,-0.048137177,0.09015482,-0.31376493,-0.030027017,-0.2282143,0.2781474,0.2553403,-0.1577156,0.12527715,-0.50960135,0.024333937,-0.43983793,-0.05834593,-0.28856897,-0.1540082,-0.18829598,0.16930728,-0.5531292,-0.53577507,-0.22152743,0.31564516,0.014799766,-0.26803276,-0.4770384,-0.1893737,-0.14400181,0.07723844,-0.38470882,-0.14242749,0.042693846,-0.43586358,-0.47974148,0.25469175,-0.27892074,-0.23396769,-0.2331183,-0.41991392,-0.10202941,0.34578332,-0.10599252,-0.48295444,-0.036887076,-0.46719038,-0.20599812,0.094673574,0.07347894,0.19411072,-0.071853556,0.34580868,-0.13037783,0.46650636,-0.2950807,0.13828817,-0.031512965,-0.43957493,-0.40680796,0.23032196,0.27831727,-0.82486737,0.19817135,-0.309602,0.09215449,-0.40039393,-0.11332751,0.11546631,0.27115583,-0.25679377,0.0038316979,0.082491584,-0.46566185,-0.08105299,-0.5295009,-0.07281576,0.3367822,0.08854826,0.031441703,-0.05504726,-0.030079264,-0.19436151,0.20182186,-0.20538653,-0.29031733,0.22752813,0.22554155,0.27212134,0.08220461,0.5976885,-0.05632744,-0.068959534,-0.46331373,0.071438245,-0.23494133,-0.04032359,0.10929032,0.106357194,-0.1901725
0.09651447,0.34241468,0.2256659,-0.0014706256,-0.16809168,-0.56960845,0.01493678,-0.03855347,-0.18364951,0.032561835,-0.18920666,-0.241459,-0.18884559,-0.29519057,0.12766494,-0.21671672,0.03657876,-0.05697318,0.02586274,-0.20105673,-0.2274577,0.1518209,0.26665962,-0.12791961,0.08447005,-0.034130897,-0.038294505,-0.2882064,0.14075267,-0.04597322,0.03390352,-0.23772106,-0.17421359,-0.08573107,0.29157606,0.010318934,0.21681291,-0.0022283075,-0.04762873,-0.20098537,-0.28505507,0.09718399,0.0563452,-0.03613778,-0.1673623,-0.106070116,-0.23729135,0.21261218,-0.058123067,0.31209844,-0.18958607,-0.20600091,-0.15638085,0.15789877,0.13735789,-0.07998416,-0.14093734,-0.24893,-0.11524326,0.011549394,-0.06900069,0.09902703,-0.06732097,0.0027242173,-0.4900331,0.08615748,0.1570208,-0.08519187,0.3137388,-0.07516691,-0.053877894,0.19308853,0.14869542,-0.23090805,-0.1213842,0.30207795,0.24017148,0.2805289,0.1864881,0.2608362,0.0321871,-0.052484587,-0.29491016,-0.33806908,0.32187155,-0.09209,-0.08790984,-0.024910001,0.043102887,-0.1736473,0.1136264,0.11945476,0.11920803,0.0012682856,0.37177005,0.073331565,0.21305282,0.021335578,0.10611767,-0.17220426
-0.011355597,-0.17061491,0.127109,-0.06965791,-0.110911585,-0.1534484,-0.54730177,-0.22789413,-0.28040278,0.12205924,0.009915496,-0.09971291,-0.25998127,0.32384557,-0.020692041,-0.05106956,-0.26843503,0.48232567,-0.3605499,-0.1513694,0.14564598,0.656386,0.20732243,0.39034897,-0.10861145,-0.16130894,-0.50167835,-0.11804205,-0.37239957,-0.37961426,-0.31823322,-0.095104426,0.0071606576,0.12180304,-0.12144938,-0.7546525,0.09643013,-0.48097402,-0.23754475,-0.33469748,-0.06160968,-0.24239461,-0.14716317,0.018382542,0.29393247,0.022295304,-0.5089544,-0.22078766,0.35857353,-0.13985072,-0.3966658,-0.5902353,0.033857554,0.23561662,0.18046457,0.30375308,0.014791568,-0.27321377,0.071337685,0.18042201,-0.26611376,0.29610005,0.24446045,-0.047761247,0.3872598,-0.16211183,-0.022536201,0.15210997,0.1451902,0.07323721,-0.2360119,-0.15645157,0.0804802,-0.06610601,-0.06390048,-0.009777398,-0.1454221,0.23843004,-0.29240498,0.1485002,0.018259536,0.24321468,-0.54335827,0.16851072,-0.21426608,-0.2661075,0.01922843,0.10774131,-0.039483294,0.0065641855,0.12127222,0.2525194,-0.18430862,-0.36415023,0.14579676,0.27322307,0.014625342,-0.25571704,0.030828534,-0.32233846
-0.2834992,-0.12007151,-0.48296538,-0.020928722,-0.22136892,-0.23941803,-0.2383798,0.25229272,-0.27084118,-0.19855659,-0.60271806,0.07895331,0.2356805,-0.17039765,0.5730803,-0.47152582,-0.092554905,-0.09278944,-0.052723303,0.4857363,-0.5298193,0.16928431,-0.19442044,-0.31952652,-0.22425117,-0.13443273,-0.24905373,-0.05230595,0.45291263,0.09206936,-0.234977,0.19123094,-0.12139232,-0.30423036,-0.6736085,-0.08174225,0.10187107,-0.38208702,-0.07030768,0.13556795,-0.22501662,-0.3528048,0.07879235,-0.27092427,-0.0023878943,0.15682712,-0.28358248,0.11430843,0.27848628,0.2563322,-0.15138859,0.2790923,-0.2564998,0.41359204,-0.4569276,-0.3650646,0.1057016,-0.0823733,-0.6965149,-0.1841557,0.27636486,0.32446697,-0.35999745,-0.04606671,0.015504252,-0.49126405,-0.21431883,0.46189436,-0.11621194,0.17734711,0.17558649,-0.07029481,0.37488028,-0.30397287,0.46098876,0.7196921,-0.5170554,-0.13150202,-0.012081595,1.098699,0.40010273,-0.084060214,-0.4686157,-0.24038363,-0.45848197,-0.17208044,0.40238553,0.13844335,-0.92014897,0.16665389,0.16510382,-0.14948335,-0.41527614,0.073904656,0.56578904,0.05720001,0.11595289,0.020513518,-0.11771969,0.7746063
0.10016143,0.30790657,0.22277243,-0.35227534,-0.5950554,-0.35777584,-0.30670056,-0.18622224,0.0107878465,0.011882087,0.19544607,-0.5420244,0.06445851,-0.18248862,0.08674298,-0.24466594,0.2904949,-0.16993843,-0.50149643,-0.0415018,-0.41636217,0.4354832,0.05837153,-0.41554615,-0.25191545,0.040865473,0.29104036,0.24101333,-0.02184057,0.1295063,0.26395422,-0.7436446,0.08423692,-0.2884429,0.01772495,0.32790408,0.067355916,0.28228086,-0.118908264,-1.2161312,-1.0047499,0.18466488,-0.05284791,0.012361122,-0.26226702,-0.20526874,-0.1997336,0.6591663,0.417156,0.11661441,0.25220728,-0.42374676,-0.22280695,-0.044675004,0.052429076,-0.42055413,-0.013795101,0.42932922,-0.3175494,-0.37614664,-0.33169606,0.30539855,-1.0985624,0.281974,0.14152752,-0.08563647,-0.077341065,0.19758531,-0.3584373,0.2626098,0.105771326,-0.06424657,0.1312849,-0.41290855,-0.15627564,-0.49533534,0.09462576,-0.0064737652,-0.49983788,0.43320733,-0.21736391,-0.057438213,-0.1319754,-0.22110453,-0.17568558,-0.28849968,0.10123924,-0.40208334,0.11727918,-0.2825479,0.2661254,0.1329195,0.093906425,0.13371566,0.12711935,0.03461463,0.2092646,0.1617774,0.14784387,-0.52582586
0.01693564,0.17809139,0.12978518,0.09103063,0.06740229,-0.076805145,-0.15615617,-0.2839249,0.15476441,0.21999471,-0.0322691,-0.15163565,-0.23584208,0.2395474,0.008488827,-0.042333562,-0.10703793,-0.08677624,-0.14920662,0.042930577,0.017046861,-0.055935256,0.2735512,0.08019637,0.064798966,-0.078330524,-0.1612525,0.18198788,-0.009292858,0.14539644,-0.059982352,-0.23197481,-0.36266026,-0.14999676,0.021136457,-0.2350813,0.031675678,0.044501998,0.27097547,-0.35504714,-0.19100289,0.10750453,-0.051263902,-0.106381655,-0.34242797,-0.11228616,-0.28590026,-0.083410084,0.20130005,0.28890958,-0.067670085,0.2117754,0.06908427,-0.25071663,0.06275463,0.1433569,0.1620149,0.29728463,-0.21252231,-0.08857219,-0.19533814,-0.19560374,-0.20135684,-0.25620317,-0.13987926,0.17418697,0.316557,0.017028337,-0.15894061,0.29801664,-0.06143338,0.07823871,0.0313291,-0.17241286,0.2608609,-0.0064222887,0.019874586,-0.075415835,0.066309065,0.036047842,0.08913212,-0.11305292,7.8426674e-05,0.14925951,-0.09672313,-0.058790408,0.16414452,0.18585731,-0.06601357,-0.2840681,0.105532795,0.053796995,0.03707091,0.008435799,0.122660115,-0.08906018,-0.1926822,-0.0016665101,0.026635582,0.24435239
0.18843538,0.40936127,0.1533383,-0.1348987,-0.4333209,0.24696082,-0.2975957,0.05378487,-0.12392988,0.34657457,-0.18943185,-0.033705972,-0.11515107,-0.3806273,-0.03742726,-0.1570491,-0.3451957,0.02324424,-0.3202118,-0.15019624,-0.10184182,-0.11414109,-0.09290921,0.08546831,-0.39079493,0.030351097,0.122150406,-0.18398887,-0.0009389418,0.09747253,0.14214748,-0.17055744,0.042394318,-0.31101823,-0.106728114,-0.056964405,0.1481499,-0.18361175,0.14767732,-0.37667572,-0.19345082,-0.08213503,-0.19256665,-0.14656171,0.06987899,-0.087276034,-0.24784881,-0.10655843,0.40758997,-0.1270788,-0.3563998,-0.28103462,-0.2148097,0.03697917,0.20764253,0.012356448,0.36775768,0.023330616,0.0013470752,0.09661063,0.21394315,0.32572642,-0.19647859,-0.34442574,0.106982425,-0.16807614,-0.16188633,-0.0071117277,-0.27085868,-0.025660278,0.074465565,0.13216352,0.29860425,-0.017527042,0.021204466,-0.09118794,-0.17438287,0.09487969,-0.4675341,0.02711943,0.1421721,0.016195253,0.059630536,0.17399178,0.007547798,-0.16578192,-0.28121677,0.18685065,0.3998327,-0.26827443,0.20706195,-0.08787598,0.04713796,-0.07380855,0.16547331,0.3471896,-0.12186324,-0.32562077,0.056715272,0.10719732
0.090598464,0.28529397,-0.4628198,0.10640633,0.26046795,-0.005353624,0.17005952,0.050189875,-0.27664688,0.17009437,-0.27898744,-0.27412748,-0.3482561,-0.09320026,-0.12832001,-0.19428636,-0.23113959,-0.054356955,-0.044792466,-0.36026445,-0.21154831,0.38475007,0.35240653,-0.15029119,-0.22514997,-0.29871404,-0.48306775,-0.18046819,-0.14681503,0.18250889,-0.42679662,-0.4041333,-0.21365654,-0.3832379,0.20498441,-0.0811209,0.103085555,0.47128016,-0.35821676,-0.20476195,0.14717208,-0.1690351,0.1802674,0.08606043,0.015877686,-0.263748,-0.13835189,-0.03895279,0.26653436,-0.013719037,-0.06689536,-0.16302544,0.08532453,-0.15432914,0.0055663665,-0.11109026,0.2616569,-0.06982656,-0.14114505,-0.17439446,0.2840809,-0.11606045,-0.19965951,0.23436123,-0.13989145,-0.36762598,-0.09253922,0.24404134,-0.18927442,-0.3746765,-0.16339432,-0.36429846,-0.2631885,0.03316144,0.13913691,-0.07360263,-0.078789555,0.20636298,-0.09858201,-0.32784078,0.12287826,0.15795945,-0.2270798,0.30418655,-0.13334534,0.39671072,0.026875803,0.055722497,-0.07416044,-0.099501684,0.17681216,0.0397367,-0.23275137,0.09921281,0.5510792,0.07500296,-0.032304335,0.033949528,-0.06258263,-0.26927343
-0.10712729,0.15813611,0.2553442,0.0013754513,-0.038740437,-0.19177163,-0.11125254,-0.029310077,0.08350866,0.01866239,-0.2754935,-0.08092085,-0.46673325,0.064454,0.0433136,-0.23455648,-0.0033689544,0.18611808,-0.15227006,-0.24635749,-0.023580132,-0.17692862,0.042346966,0.4559999,-0.22529642,0.43224037,-0.5215325,-0.30381256,0.08779215,-0.088500775,-0.13164234,0.09707029,-0.18921532,-0.46919942,-0.035994757,-0.38551587,-0.214652,0.3444033,-0.11834721,-0.27733803,-0.38319114,0.16542749,0.12002653,-0.16487652,-0.25968423,-0.16613445,0.1464394,-0.13919245,0.067119956,0.080951646,0.19868258,-0.18503952,-0.15080601,0.013411034,0.010276111,0.12157649,-0.004047094,-0.060796723,-0.0575659,-0.06714978,-0.23378307,0.23971437,0.17992719,0.16078918,-0.12942041,0.009452732,0.31348938,-0.027245982,-0.10759812,0.041433208,0.46791926,0.09051649,-0.3060807,0.15674993,-0.10518029,-0.043763224,-0.02574519,0.15592282,-0.42889488,-0.15221083,-0.20190473,-0.27166834,0.250309,0.20262955,-0.066439256,-0.25463226,0.14860909,-0.04895652,0.18719453,-0.16448167,-0.07806765,-0.5838277,0.032470535,-0.026128657,-0.07015831,-0.25383818,0.33482215,-0.37795714,0.09374851,0.47706592
-0.21100602,0.5225005,0.03608443,0.26673868,-0.48530608,0.051616263,-0.12646815,0.16948748,-0.056761954,0.035801906,-0.18357556,0.26919058,0.3926389,-0.20535593,0.4152345,-0.5190222,0.1866991,0.121657364,0.0034981966,-0.2831517,0.3169425,0.38976622,-0.26872405,0.2707238,-0.04214901,0.38995874,0.12591852,-0.06804498,-0.007947703,-0.14266059,-0.06599761,-0.4422911,-0.3177801,-0.116113976,-0.19173634,-0.007438527,-0.29245278,0.28642094,-0.17748098,0.11273395,0.15828465,0.06224449,-0.2275477,0.091595165,-0.13895786,-0.35325345,-0.5572257,-0.025302086,0.33258805,0.52183187,-0.6839008,0.061085902,-0.22303468,-0.056964576,0.004216058,0.70302063,0.21683285,0.28017214,-0.14513804,-0.0921124,-0.02144442,0.18069898,0.14717878,0.27514297,-0.33523148,0.20113577,-0.002564276,0.23314157,0.08161781,0.5219111,-0.10560655,-0.12825954,0.20834042,0.12215029,0.19257596,0.2328227,0.14487463,0.59074867,-0.14821193,-0.090295084,-0.12511843,-0.19961356,0.36260712,0.15532087,-0.010044973,-0.32349524,0.1333882,0.21646231,-0.11283459,-0.24887954,0.05843495,0.107484065,0.014000131,0.38900554,-0.07844699,0.26965046,-0.030187769,-0.04320925,-0.09111868,-0.27144796
0.024492703,0.36047548,0.32620317,-0.15479507,0.48183396,-0.11560582,0.009794359,-0.18126367,-0.12766685,0.28628197,-0.051003728,-0.056510445,-0.17498754,0.40819272,0.23222531,-0.03812618,0.2529081,0.008166829,-0.17259477,-0.264424,-0.37364513,0.16581018,-0.043641895,-0.25155723,-0.19245118,0.3791086,-0.5235188,-0.39115244,0.26143485,0.32398108,-0.32960403,-0.74463254,-0.4249701,0.26479366,-0.49528116,-0.5445525,0.2865082,0.40983558,0.33290341,-0.2384421,-0.21839845,0.06507726,0.51945937,0.16070653,-0.032259814,0.056194767,-0.2358215,0.2712508,0.24256547,-0.30526903,-0.3311665,-0.08560896,0.54229885,0.17876285,0.26975754,0.23948574,0.6111452,-0.0040769544,-0.032269623,0.49929753,-0.06714158,-0.37800503,-0.4084205,-0.31000867,0.043752275,-0.36136612,0.36463934,-0.2278343,-0.25426596,-0.36207733,0.26062283,-0.14144196,-0.20093258,0.13553388,0.07821437,-0.0436376,0.026969882,0.2459188,-0.14410709,-0.09062841,0.18699925,0.25024703,0.116776854,-0.061000172,-0.3242791,-0.12750193,-0.26688686,0.1113505,-0.11081385,-0.32524312,0.25558144,-0.086020686,-0.059692495,-0.10659561,-0.24852136,-0.36598238,-0.00578282,0.03458316,-0.017733393,0.22474173
0.20328884,-0.015133263,-0.111920044,-0.644801,-0.14547025,-0.014440627,-0.06593914,-0.025780397,-0.35542494,-0.30403763,-0.099477135,-0.3625739,-0.19168246,0.09824435,0.16616736,-0.30310374,-0.38882187,-0.06723271,-0.2476301,-0.26325724,-0.07913222,0.051118497,0.32357508,0.16766205,0.001806238,0.52684736,-0.21244,0.13086838,0.27292052,0.2119746,0.059041582,-0.05218097,-0.07099941,-0.25639015,0.059055883,-0.23973936,0.034024134,0.21276778,-0.073393896,-0.08012878,-0.066552825,0.04335604,0.010287568,-0.15424585,-0.06233299,-0.45224395,0.0017382936,0.056658916,0.06915691,0.006001069,-0.24588057,-0.10450965,0.14930004,-0.47598413,-0.10538906,0.18611972,0.102264725,0.12912023,0.021980014,-0.15304245,0.029209474,0.20084399,0.085928135,-0.10177643,-0.15292273,0.08677985,-0.387335,-0.05312481,0.23921393,0.11369184,0.25745928,0.14903113,-0.08557861,0.18498726,-0.047243267,0.42557448,-0.038402494,0.010664236,-0.053349122,0.05031177,-0.28312942,0.019764867,-0.10581764,0.26356703,-0.24690741,-0.08698672,0.04744019,0.458403,0.10130417,0.16414772,0.11823126,0.19566822,0.084483884,0.5664849,0.10979216,-0.23567657,0.19012956,-0.25356016,-0.028470872,-0.11914873
0.105653234,0.32702744,0.7092843,0.18040334,0.23762514,0.32218307,0.055119976,0.06222784,-0.2247473,0.595675,-0.120631695,0.39052525,-0.46920457,0.37566972,0.17100136,-0.18793464,-0.09282466,-0.7398282,-0.09866393,0.18907511,0.17706849,-0.77918184,-0.093954556,-0.09952999,-0.11729954,0.30877265,-0.11340749,0.07353055,0.43598133,-0.8606769,0.10044689,-0.43682292,-1.0939839,0.059186853,0.046624668,-0.47542816,0.35335547,-0.27876678,-0.5408773,0.047711853,-0.1134984,-0.10711474,-0.40886635,0.432705,-0.6555139,0.09411924,-0.373827,0.15504672,-0.3978281,0.7981621,0.26162404,-0.29743358,0.3050845,-0.081620984,-0.43124163,-0.17621599,0.33810055,-0.06484959,-0.24846764,-0.04063756,-0.14911723,0.5299916,-0.41684955,0.10244431,-0.2562004,0.28541017,-0.1697968,-0.1128481,0.62641287,0.13230495,-0.50676817,0.21934655,-0.29405728,-0.537235,-0.7181071,-1.075441,-0.2967948,0.40748107,-0.17046763,0.75235677,-0.24464023,0.47016427,-0.48707792,0.72408557,-0.65355945,-0.120244175,-0.20057887,0.750738,0.26198938,-0.39579424,0.21998063,-0.62335813,-0.35800114,-0.051813345,0.234251,-0.15241042,-0.03325894,0.20637889,0.1676742,-0.14220883
-0.0572904,0.05343096,0.13373157,0.009195838,-0.13257241,-0.7847415,-0.3356276,-0.35634717,-0.22917366,0.5078948,-0.002343809,-0.25196913,0.2486881,0.49864647,0.46398062,-0.4114229,-0.14108393,-0.020523826,-0.7732877,-0.17133433,-0.26659438,0.043388132,0.45990208,0.032361716,-0.32449812,0.6265953,0.15120542,-0.52333313,-0.52542764,0.30894786,0.43889043,-0.5997918,-0.009847673,-0.017288005,-0.37789392,-0.09165549,-0.34532347,0.06795309,-0.1931702,-1.1001382,-0.52190065,-0.34769768,-0.08281411,0.17653029,-0.8333187,-0.1885666,-0.23558527,-0.258867,0.1284876,0.26253557,0.19266424,-0.099365085,0.13436152,-0.50691843,-0.059837077,-0.33460143,0.2903366,0.29775488,-0.056155942,-0.7844437,0.35148984,-0.48475036,-0.74223274,-0.0734011,-0.06338908,-0.060706384,0.113909185,0.45085445,0.28514785,-0.0028303282,-0.011058153,0.12187746,0.57881546,-0.1616301,0.09361371,-0.30053028,-0.050651886,-0.36231104,0.2881935,0.18790418,-0.29439658,0.38142934,-0.5728771,-0.6103169,0.59609044,-0.23157282,0.1289293,0.34377217,0.28790712,0.10638867,-0.015483291,0.033602834,0.17892675,-0.00019974216,-0.29433617,0.30898494,-0.3080112,0.28313237,-0.10192547,-0.06839691
0.074083306,0.37134868,0.035502277,-0.26104903,-0.120161645,-0.30016032,0.48122552,0.25582767,0.03511105,0.26880142,0.13365994,0.12095389,0.094184265,-0.27314115,-0.2802811,-0.053889938,0.18345632,0.046758436,-0.24291447,-0.5759354,-0.29246107,-0.25205463,-0.2750624,0.071288936,0.14808542,-0.13276173,-0.39109674,-0.024652215,0.10473904,0.07962948,0.3655913,-0.33516628,-0.38007352,0.28400666,-0.16732341,-0.06734769,0.15513448,-0.50229156,-0.08203794,-0.05693333,-0.15970123,-0.16213743,0.42322823,0.035332724,-0.18983492,-0.51753914,-0.45478606,0.13376492,0.35076934,0.39063942,0.05906899,-0.3031003,-0.04797278,-0.092328854,0.17865273,0.13923931,0.6463358,-0.07377427,-0.26088747,-0.14126627,-0.07603639,0.36130062,-0.4285175,-0.0121747665,0.26369464,0.25367236,-0.5844881,-0.057620093,0.3213454,0.37853035,-0.114172354,-0.20687121,0.3238772,-0.15397961,-0.044402074,0.100826494,0.29165068,0.6793519,0.023248818,-0.17632529,0.25161195,0.0071920212,-0.1940229,-0.13702194,-0.05479929,0.17208338,-0.26708704,-0.011063971,-0.12430301,0.47631395,-0.32259905,-0.5682059,-0.20955648,-0.14268348,0.19571024,0.18487215,0.15776002,-0.23051894,0.7361825,0.18574168
-0.12732477,0.08298024,0.020569697,0.13543922,-0.27632394,0.06272083,-0.4030618,-0.10596434,-0.63548833,0.78878045,-0.58278906,0.2302044,0.076129146,-0.18291706,-0.14162068,0.4411299,-0.22921461,0.25760394,0.1472832,0.19342272,-0.21836469,0.38944283,-0.040987156,0.1323703,-0.31236735,0.26316956,-0.2106979,-0.3580802,0.08893049,-0.669176,-0.3392325,-0.08118343,0.07374934,-0.39961088,-0.07505876,-0.108659856,-0.15199381,0.13049772,-0.009666568,-0.20498237,-0.09703775,-0.028855827,-0.058212645,-0.19106221,0.08724899,-0.01659736,-0.25858212,0.1902305,0.13208602,-0.021339059,-0.42745006,0.00349988,-0.09590479,-0.016861701,0.1362656,-0.16272514,-0.04376442,-0.2157272,0.5330528,-0.085466675,-0.40299088,-0.042832837,-0.017150236,-0.0038682355,-0.40645373,-0.21510217,-0.38380566,0.13409933,0.2834269,0.28586057,-0.10569197,-0.15649527,0.102893054,-0.36924273,-0.6974661,0.36762488,-0.113684155,0.29714262,0.02635998,-0.35054672,0.034101497,-0.32127255,-0.1353757,0.120138496,0.16632207,0.053955358,-0.44080198,-0.052946765,-0.1023746,-0.10021789,0.031159725,-0.19998066,-0.08180294,0.24715926,0.11680189,-0.08911697,-0.68862695,0.11249415,0.13889004,0.0009578687
-0.18557286,-0.044253055,-0.10939871,0.17360099,-0.35922477,0.2833044,-0.3734947,-0.4207273,-0.41884813,0.3191972,-0.10246945,-0.23687458,0.10616604,0.015209903,0.32363668,0.17673826,-0.19302951,-0.14365157,-0.0935601,0.145229,-0.038505018,0.18267187,-0.038575005,-0.16224842,0.26661274,0.33591112,-0.59812075,-0.34811044,0.32489786,0.26095855,0.458426,-0.07297648,-0.24181941,0.21267197,-0.008042846,-0.36408392,-0.3138198,0.38529137,0.25759962,-0.29050782,-0.31990182,-0.34236488,-0.26244476,0.0915299,-0.09923116,-0.005960358,-0.54547226,0.39156488,0.20104815,-0.13517198,-0.097607784,-0.31466642,-0.001977039,-0.118095845,0.2970065,-0.30949357,0.016759679,-0.22415026,-0.22660403,-0.43345764,0.2339529,0.22240739,0.054465026,0.34140995,0.057983592,-0.32469323,0.02072993,-0.4206155,0.23255958,-0.28138882,0.015719838,-0.28253582,-0.12728032,-0.47688615,-0.4532064,0.044186346,0.31621218,0.17657378,0.36367565,-0.09647811,0.6686289,-0.21907623,-0.03452201,0.20583172,0.07146513,0.20957959,-0.19842619,-0.06631795,-0.20454517,-0.422596,0.19810006,0.070477925,-0.48771572,0.16366188,0.09703671,-0.20592512,-0.1121726,-0.08193183,-0.10461568,0.30705154
0.16328393,0.09155407,0.08751228,-0.0020870345,-0.04053213,-0.5075753,0.19798653,-0.35432613,-0.31031904,-0.10494182,-0.282243,-0.047663573,0.09953029,0.21090692,-0.060320552,0.018347599,0.17352676,-0.6661458,-0.22668537,-0.27605155,0.27088422,0.28625584,0.22154894,-0.089602,0.13747153,0.31531787,-0.7420354,-0.30657318,0.20933725,-0.29923934,0.19167264,-0.114562705,0.13383487,-0.16252376,0.0030635828,0.4050488,-0.2171893,-0.24836476,0.13122948,-0.28428447,-0.26955494,-0.021507716,0.20828298,0.11905235,-0.32211366,0.018181762,0.07338931,0.28371722,0.22802202,0.25724822,-0.03877157,-0.16534977,-0.22454603,0.2369733,-0.18597978,-0.12012254,0.07522089,0.080298066,-0.33320385,0.20122544,-0.22483401,0.2315236,0.14875606,-0.094801046,-0.46472976,-0.21286158,-0.053207982,0.1783641,0.19097868,0.11622962,-0.010181365,0.23285082,-0.4724696,-0.10473058,0.20545858,0.099422246,-0.30357033,0.18296953,-0.13078769,0.2108674,0.5480937,-0.31390762,0.16658776,0.5329249,-0.028019594,-0.07055264,-0.12278066,-0.08833587,-0.07357843,0.19557755,0.24359374,0.45289916,-0.13700874,0.13968423,-0.13853133,0.26373184,-0.36563733,-0.36391369,0.14600553,0.18576312
0.5660839,0.39588332,0.49141937,0.6699016,-0.94973624,-0.63094145,0.38522705,1.4693885,-0.17299727,-0.07418794,-0.7501585,-1.1868385,-1.4723668,0.94164175,-1.3769339,-0.104227036,0.600497,-1.2143384,-0.85794693,0.6462173,-0.89656544,-0.16878,0.66492707,-0.03699461,-0.35086703,1.6072539,-0.57357204,-1.3234146,-0.6742658,0.80450356,-0.88394254,-0.81740254,-0.1841033,-1.2149034,0.51919824,-0.20873214,-1.3196781,0.8256583,0.21871214,-0.16053958,-0.8576894,-0.7051887,-0.58012915,1.0668731,-0.70558995,-0.056368504,-0.88094825,0.13750052,1.6342987,0.8589269,-0.042283803,0.50812536,0.8458577,-0.44003442,-0.37375122,1.6403506,0.89670193,-0.7130709,-0.75170666,1.3596697,-0.7044324,-0.37432864,-1.6175193,0.13550435,0.85751474,0.19255994,-1.3096806,0.1304059,0.30460656,-0.16628967,-0.34344265,-0.14517684,-0.4873297,0.37571216,0.7167656,0.44764203,-0.88736993,0.207061,1.2843281,-0.2625245,0.6484439,0.8674378,-1.5119883,-0.7923355,-0.7519047,-0.17075586,0.541226,-0.3241472,1.9079989,0.031291258,0.68317264,0.20715287,-0.14571826,0.29433915,-1.4042374,-1.1585612,-0.3871954,-1.4295989,0.8628153,-0.3408738
-0.28959066,0.33107394,0.05702664,0.20070426,-0.047823444,-0.13932414,0.17612857,-0.10217999,-0.22571701,-0.04099134,-0.23717842,-0.14986774,-0.18965136,-0.055103168,0.08307259,-0.08432895,0.0070844884,0.11637189,-0.0625565,-0.06524989,-0.13818884,0.044674154,0.18141842,-0.10226969,0.07237391,0.29066986,-0.26285133,-0.31474492,-0.13084203,-0.1581834,0.034183424,-0.13334092,-0.42248785,-0.18490297,-0.22169058,0.07343447,0.39712816,-0.23161937,-0.14382204,0.16194367,-0.16177788,-0.19940579,-0.23527904,-0.12624615,0.042085245,-0.37086996,-0.3331772,0.06584601,0.11781883,0.2086028,-0.021708205,0.45817134,0.1568311,-0.08719401,0.20947142,-0.034079876,0.0843385,-0.3235141,-0.5011611,-0.29874468,0.135435,0.09754869,0.06985968,0.08961812,-0.10184624,0.033089355,-0.096938804,0.06433849,-0.26297632,0.17586468,-0.4060663,0.09686941,0.024477663,0.19954278,-0.20988299,0.2463364,-0.10543651,-0.24240193,-0.022406084,-0.11803465,0.03778319,-0.3019038,-0.16013412,0.008131369,-0.19992746,-0.08219549,0.35203448,-0.19414534,-0.44827694,0.07782763,0.0244669,-0.14754544,-0.18915841,0.21854457,-0.08362036,0.017807001,-0.07460473,-0.022011625,0.016832767,-0.018830646
-0.26094842,-0.06684401,-0.011087214,-0.2908615,-0.60904396,-0.32052255,0.24826163,0.16519842,0.35826668,-0.21059896,-0.27505514,0.16443871,0.10122156,-0.12264079,0.29753056,0.002126783,-0.121725164,-0.36466017,-0.27998343,-0.4274131,0.034424253,0.18373042,0.2468359,-0.13803485,-0.61467385,0.7228016,-0.18786155,-0.17792669,-0.3277618,-0.45172322,0.020198708,-0.117996246,0.009171397,-0.21105483,-0.10429532,-0.060737096,0.3261714,0.37783355,-0.057699256,-0.29279593,-0.10697471,0.36812666,-0.47262195,0.3320219,0.32348397,-0.75559413,-0.21322802,0.27907458,-0.016532209,0.16721141,-0.47358537,0.2755553,0.012352438,-0.004735012,-0.24578238,0.49107862,0.73006046,-0.18159129,0.24842486,0.053468417,0.2085409,-0.08132371,-0.41328654,0.28790915,-0.17392705,0.3308546,-0.03328719,-0.40410882,0.25434238,0.43385684,-0.13574922,0.2745173,-0.35277826,0.07704199,0.37058422,0.32164508,0.28026536,0.11345947,0.5665222,0.14776848,-0.13231492,-0.12781121,-0.28885862,0.35982084,-0.0041881944,-0.20597883,0.071674004,0.21078837,0.20708269,-0.35756704,0.23979044,0.1613166,-0.052521013,-0.01766422,0.06530281,0.080772266,0.22712857,0.5016859,-0.17189395,0.28670987
0.07945635,0.1756635,0.23286292,0.08368687,-0.2547375,-0.11026956,0.13832365,0.28262642,0.09714709,0.058938377,-0.31519046,-0.21306269,0.070893995,0.32795054,-0.21044277,-0.09319921,-0.065723926,-0.046100102,-0.086437605,-0.29276314,0.14056534,0.21194845,0.12454078,-0.22162603,-0.18422471,-0.03450033,-0.43541327,-0.23213874,0.35696116,-0.41795987,0.25865433,0.31091785,-0.4482532,-0.24695781,-0.25565904,-0.11072063,0.09591664,0.027198242,-0.20517525,-0.075041175,-0.097990476,-0.28461528,0.101791,-0.13943906,-0.021651445,-0.34302846,-0.25280488,-0.07040713,0.20803295,-0.09860174,0.3211438,-0.020263854,0.2808173,0.24386993,-0.29789907,-0.21110469,0.42629692,0.090054594,-0.17109546,0.2643398,-0.0693971,-0.0874895,-0.30325106,0.1711981,0.11690166,0.13001196,0.08992586,-0.0050995992,-0.008719595,0.102735445,-0.4677319,0.24340488,-0.13385572,-0.19835268,0.1392915,0.073184706,0.096879214,0.52877617,0.4688644,0.364755,-0.26809257,0.07343073,0.167309,0.059918903,-0.020069733,0.019181352,-0.24079789,0.15164596,0.4204624,-0.24397138,0.46688154,0.054730617,-0.008400125,0.06926595,0.10520915,0.020121956,-0.16555345,0.15767616,0.44507998,-0.12312329
0.510508,0.2583202,0.45943576,0.12835932,-0.6596536,-0.8873444,-0.01915019,-0.011155139,0.9691878,-0.14492089,-0.055389516,0.27358213,-0.2732786,0.06480272,-0.39676398,-0.59179795,0.32538968,-0.48739868,-0.3781331,1.0800586,-0.36194795,-0.3820322,0.62519807,-0.33006564,-0.48171717,0.27586886,-0.49656722,-0.45481682,-0.17601362,-0.010233377,-0.3347198,-1.0461023,0.5088155,0.9171627,0.47975028,-0.59339815,0.26131436,-0.74761134,-0.114612296,-0.7622865,0.13291846,-0.27097824,0.18136543,-0.19725476,0.78111225,0.73921657,-0.32209837,0.06358617,0.7422838,-0.42531314,-0.3971481,0.29594675,-0.0122420555,0.13605267,0.4486804,0.9238406,0.5199194,-0.3046996,-0.20268638,0.067706555,-0.25961718,0.7272988,0.448261,0.62450045,0.17840639,-0.58585227,0.651286,-0.17128675,0.41411027,-0.151206,-0.432645,-0.83123666,0.09379869,-0.28181624,-0.33343288,-0.28646335,0.00849642,0.121272646,0.13187903,-0.23804536,-0.39076865,-0.047476903,-0.32766327,0.92795414,0.58032095,-1.1631984,-0.7015829,0.56820023,-0.003005995,0.18030353,0.07815141,-0.45274964,-0.27767393,0.7677979,0.7416311,-0.6998819,-0.12049988,-0.5907601,0.56381106,0.49286142
-0.14410852,0.69094926,0.6455623,-0.009685393,0.3309184,0.4388305,-0.03451099,0.016973916,0.096722275,0.12289033,-0.07709882,-0.6155172,-0.6626335,-0.10339373,-0.2650317,0.074571125,-0.33064067,0.18728983,0.014754604,-0.020294731,0.2193221,0.25099388,0.5155922,0.023557862,-0.02961581,0.34252256,-0.09248199,-0.026342077,-0.08724928,0.25473315,-0.29931226,-0.18370575,0.3857216,-0.24607392,-0.34135988,-0.58181673,-0.14674222,-0.11936981,0.8064651,-0.5505785,-0.5886979,-0.22685911,0.016707148,-0.15289532,-0.83991754,-0.25152117,-0.33692718,-0.32850006,-0.197266,0.8398949,0.213309,0.3475789,-0.21035542,0.056538016,0.34699777,0.95987594,0.15296005,0.62761426,-0.46995124,-0.86118376,0.15493654,-0.034499418,0.07017452,-0.33594432,0.22264686,-0.082252055,0.6796059,0.11990722,-0.26099396,0.21909042,0.44319895,0.28469226,-0.37317714,-0.38278145,0.7695,0.4599036,-0.20238523,-0.08847198,0.6120934,0.40869495,0.105853714,0.48212805,-0.34330663,0.9479601,0.011341386,0.10593525,-0.6210949,0.16146588,-0.31071267,0.34909624,-0.05254999,-0.391816,0.048401903,0.2577539,0.5334765,0.37133166,-0.15822497,0.59795594,-0.17978923,-0.49260178
-0.733653,0.5047439,0.28477943,0.013758121,-0.2307799,-0.3415787,0.01368882,0.15667664,0.12673737,0.04603356,-0.13906828,-0.21210296,0.3522124,-0.09285021,0.0575471,0.0014019781,-0.22464126,-0.10145645,-0.8289876,-0.011716388,0.2040992,-0.3410662,-0.31065354,0.031247355,0.16480072,-0.07433011,-0.28931487,-0.42170227,0.04247347,0.35308462,0.030011617,-0.38655618,-0.24018046,-0.107197516,-0.06457622,-0.00021448791,0.18335204,0.039157324,0.12295586,-0.49299183,0.1033165,-0.034776058,0.108738765,-0.16712062,-0.036662746,0.061720468,0.092539765,0.5728181,0.39120334,0.26778504,0.19486059,-0.50957686,-0.41110224,0.09618092,-0.047397442,0.59497344,0.040808372,-0.2811961,-0.11017125,0.3150022,0.40563664,0.40055913,-0.48251763,0.13008603,-0.40125784,-0.13288528,-0.11170971,-0.2328492,-0.121163554,-0.6299851,-0.15035318,0.49596238,0.23015939,-0.13257813,-0.21328813,0.24180979,0.031070609,0.43159094,0.053500358,0.33917838,-0.81253046,-0.21009271,-0.19328246,0.16241723,0.062291134,0.035816133,-0.41460353,-0.044677988,0.25233123,0.07211406,0.24122109,0.32105544,-0.59679735,-0.48651582,-0.020513453,0.26661056,-0.2847383,0.24417704,-0.047402833,-0.2337227
-0.030288305,0.09325436,0.05165704,-0.116122656,-0.11335665,-0.49557492,0.13906503,-0.124245025,-0.31036606,-0.06549138,-0.30288386,-0.21247092,-0.0110081,0.11176561,0.09849857,-0.07770583,0.014649863,-0.5453983,-0.101958565,-0.23373628,0.09567411,0.16611764,0.30560175,-0.26601717,0.24282789,0.45877406,-0.44207907,-0.31114817,0.24477288,-0.11802205,0.099930726,-0.016935518,0.12022061,-0.0051028635,-0.13732821,0.1562299,-0.2595595,-0.27704632,0.06936221,-0.2501595,-0.19022585,0.07341375,0.2686435,0.19140874,-0.18976466,0.090253,-0.027563304,0.17047852,0.28529918,0.41417643,0.0865685,-0.23951653,-0.15638281,0.072183,0.027094223,-0.051629487,0.16215087,0.02084358,-0.25107637,0.14787139,-0.30582136,0.16935003,0.24199842,-0.117091365,-0.3437678,0.042195205,-0.097312056,0.12795402,-0.0011675588,0.069149606,0.0021755977,0.18756182,-0.45991912,-0.06907408,0.0031107042,0.031502333,-0.25715134,0.25761962,-0.14645399,0.1705657,0.36245635,-0.3726178,0.1820072,0.29994568,-0.04050303,-0.12768832,0.11562785,-0.3048376,0.09381393,0.28172588,0.18654692,0.32008237,-0.18817131,0.19765106,-0.105572194,0.27283967,-0.23170312,-0.27668473,0.1718497,0.076059245
0.2163739,-0.15606973,0.43039978,-0.40952232,0.34272414,-0.3817415,0.30794144,-0.16776316,0.09952934,-0.049719173,-0.7103889,0.13970755,0.27337596,0.37299418,0.35781,-0.32382444,-0.3896253,0.24432983,-0.34799674,0.24112977,-0.37168407,-0.03846632,0.24795614,-0.3234286,-0.11384871,0.4197203,-0.47627467,0.15404798,-0.31810856,0.24880815,0.36775282,-0.43320027,-0.27509728,-0.32971972,-0.5304493,0.12785532,-0.3246426,0.32812688,-0.05905479,0.072253436,-0.15283553,-0.012794981,0.34734488,-0.38426012,-0.38148788,-0.30842233,0.028358666,-0.22028962,0.5705655,0.08384185,-0.10993447,-0.13048494,-0.119368546,0.05844363,0.43601143,-0.034396287,-0.0040533766,-0.49788672,-0.0058637704,0.29281938,-0.088567115,0.38247856,-0.5865505,0.34444496,-0.014143221,0.3174894,1.0409052,0.095138155,-0.10614069,0.12417199,0.16706227,0.38891366,-0.22823897,0.27744955,-0.5397445,0.24284804,-0.3659554,0.0135713015,-0.14631087,-0.5468219,0.20138648,-0.08121928,-0.46509618,0.81899256,-0.1039849,-0.0035331,0.12576194,0.027437046,-0.53935885,-0.13605295,-0.08405459,-0.16858004,-0.3106134,0.09132347,0.2690719,-0.28181475,0.11017114,0.20074269,0.120843716,0.19365518
-0.82044196,-0.28740743,0.67318696,-0.39283004,0.5579479,-0.35777834,0.29692212,0.26386395,-0.10546486,0.18505847,0.17716381,0.12641001,0.20687428,-0.41864893,-0.0854455,-0.6629608,-0.31370464,-0.054631423,-0.06604004,-0.23603372,-0.017408181,0.9218772,0.23704316,-0.37482777,-0.017645996,0.23003526,0.43645853,-0.28909728,0.39727166,-0.13920252,-0.69468206,0.64950323,-0.1250365,-0.057570416,0.12713036,0.16579856,-0.27708557,-0.38830012,-0.22166489,-0.7246835,-0.42908448,-0.56653976,-0.17537889,-0.39175633,-0.0057497784,-0.527921,-0.1179711,0.42082626,1.3197684,0.47583064,-0.4254315,0.30714288,-0.5136261,-0.40803003,-0.25932392,-0.28557616,-0.34124005,-0.21553932,0.48410827,0.06895,-0.8022535,0.49994704,-0.21714082,-0.33145157,0.45205048,-0.050722077,0.48269656,0.25798208,-0.02831599,0.34145457,-0.08175311,-0.5836618,-0.8065329,0.14759988,-0.2751734,-0.44666767,-0.5684587,-0.12268541,-0.45380768,0.28533578,0.07260971,-0.017764091,-0.030518914,-0.58028704,0.118637316,0.22699411,-0.3512406,0.8034378,-0.17667425,0.031148423,0.6878194,0.34739384,-0.7816251,0.19194652,-0.42749175,0.4470969,0.028708402,0.78256,0.51696473,0.52687466
0.4555111,-0.010995622,0.1772089,-0.056584306,0.26074415,0.20536292,-0.4665051,-0.53893864,-0.014460603,0.38654628,-0.3624418,-0.056835413,0.12015433,0.110809214,-0.38830572,-0.2829568,0.07212115,-0.31043333,-0.09313126,-0.10998606,0.16280468,0.053378887,0.15517731,-0.024067173,-0.26074693,0.12948652,0.10234129,-0.2525736,-0.3102065,0.60478145,0.03588747,-0.5332497,-0.64371073,0.13847624,-0.50796115,-0.64083785,-0.028692083,0.57304835,0.6666022,-0.106048524,0.24057677,0.004620208,0.13960691,0.007842336,0.15209688,-0.10547818,0.059542008,0.22471388,0.46125036,-0.07319571,-0.27032766,0.15773802,-0.52698934,-0.3418094,0.1855835,-0.05503875,1.1376494,-0.86698025,-0.39289367,-0.091468066,-0.090520896,0.26259643,-0.20833015,-0.3848668,-0.3886512,-0.66234535,0.103787936,-0.10155658,-0.4121693,-0.3858278,0.12303232,-0.39091894,0.34268606,-0.28724927,-0.20094036,0.059267774,0.44590202,0.3972129,0.31801146,-0.032514423,0.37642494,0.37033078,0.14266555,0.81948996,0.03161801,-0.38661724,-0.4031458,-0.095246315,0.013029225,-0.1802857,0.5233564,0.6124929,-0.50449467,-0.09629965,-0.07498574,-0.5957692,0.0781368,0.2012402,-0.082007416,-0.14644954
-0.30767214,0.29948723,0.052463755,0.21362452,-0.029579362,-0.40262452,-0.021690149,0.3603574,0.095173225,-0.086840466,-0.28003109,-0.5697409,0.19806573,0.06665861,0.1442647,0.106986634,-0.27399337,-0.21623161,-0.64191926,-0.349883,0.095867045,0.15179402,0.23001802,-0.29277506,0.6926148,-0.090555705,0.09193714,-0.71903753,0.026192887,0.25503835,-0.11924096,-0.0066439128,-0.4259959,-0.38006517,0.010780954,-0.11432735,-0.09233057,-0.4786083,0.10695731,-0.5220872,0.015018126,-0.051039625,0.12831835,-0.002305753,-0.3777637,-0.073419124,0.1649934,0.47714916,0.19922753,0.03916993,0.10872796,-0.24429454,-0.19296367,0.6036991,-0.39536625,0.03413586,0.0599602,-0.0045904447,0.039142836,0.1100441,0.22379205,0.2971665,-0.11166384,0.04001362,-0.35226452,0.067951076,0.049848206,-0.42743358,-0.28124958,-0.29239145,-0.055569027,-0.050053664,0.056225915,-0.13643186,-0.28024852,0.09415817,-0.042450257,0.7341632,0.21885039,0.36437592,-0.716135,-0.3119885,-0.43143323,0.17727669,0.107628554,-0.055514537,-0.005373892,0.27686843,0.06985586,-0.09356729,0.07560274,0.22055437,-0.47764048,-0.21695758,-0.3063419,-0.050301086,-0.28625757,0.15813763,0.13256377,-0.18998492
0.2588117,0.5750213,0.42456487,0.21274646,-0.14380601,-0.36232886,-0.017677188,0.5861027,-0.013755663,0.35339066,-0.73075366,-0.103866346,0.5510504,0.17486452,-0.050795812,-0.10936482,0.27289104,0.06511106,-0.10243981,0.06296867,-0.5693552,0.009528384,0.5551264,-0.4785111,0.37027225,-0.17145069,-0.47958285,-0.14111333,0.12725508,-0.23382437,0.028662045,0.26287356,-0.5387396,-0.66794354,-0.14410238,0.4273694,-0.49616003,0.05266549,0.032071676,-0.33602494,-0.21314925,-0.061958555,0.01221466,0.4576325,0.23083256,-0.7005553,-0.30769894,0.37363696,0.34406373,-0.06556705,0.38277975,-0.05653269,0.29307693,-0.3968582,-0.14851676,0.26617014,0.01652843,-0.31236345,-0.13178878,0.2015077,0.49370584,0.18285143,0.3238845,-0.27381304,-0.64206064,0.2160191,0.10312937,0.2999952,0.35446113,-0.2907097,-0.29860646,-0.3544742,-0.30731988,-0.40170804,0.3855273,0.12878993,0.640817,0.67093104,0.21786784,0.5487405,-0.47557086,0.13247925,0.023708984,-0.32411993,0.25504032,-0.015064081,0.0095884185,0.17250216,0.32938713,-0.46708304,0.10241606,-0.16390157,-0.11156128,-0.4101739,0.06938912,0.10448566,0.023360599,-0.031457994,0.7987982,-0.2619647
0.18340705,-0.037515078,-0.03218017,-0.089518525,0.16830653,0.047025643,-0.19789775,-0.7812829,-0.301939,0.30140966,-0.39316213,0.0021641923,-0.036501944,0.124514334,-0.10639492,0.06864924,-0.05030422,-0.08005701,-0.05767983,-0.25930998,0.3499589,0.3465083,0.065108,-0.061896708,0.16568178,0.16772938,-0.30942166,0.11292329,-0.029557498,0.6401705,0.19843112,-0.38529298,-0.2752099,0.04106068,-0.25838077,-0.5215502,0.09959325,0.24346319,0.4618807,-0.0035515812,0.023736535,-0.05766865,0.24270841,0.13726947,0.2032815,0.14357734,-0.3731236,0.1431616,0.3813117,0.19084904,-0.34570915,-0.029607719,-0.10611588,-0.39541304,-0.028589163,0.062198795,0.99212736,-0.39426142,-0.18511209,-0.0725067,0.32273132,0.34766087,-0.5292573,-0.4605479,-0.39570364,-0.56048864,0.4548981,0.049245376,-0.20290145,-0.542909,-0.033509467,-0.43755865,0.19208302,-0.2648133,-0.03745974,-0.16481045,0.43153453,-0.019277506,0.057700913,0.051295534,0.11257683,0.22781089,0.1380157,0.40094948,-0.2297987,-0.10950828,0.047710326,-0.09033122,0.26382276,-0.3393664,0.40230876,-0.20912348,-0.46781358,0.048412327,-0.18315193,-0.09805821,0.11526835,0.16148101,-0.01891718,0.08268616
-0.38694146,0.84397966,0.4756309,-0.3841975,-0.9111576,-0.64509153,0.46917146,0.12064358,0.022597322,0.16735148,-0.11372317,-0.46767142,-0.108018935,-0.16834773,0.76493454,-0.8965643,0.13461123,0.40164828,-0.07614682,0.12947877,-0.2422654,0.080032066,0.2502146,0.0096801175,0.42174286,0.30148587,-0.005014953,-0.35510945,-0.08727648,-0.07542416,-0.86114544,-0.40192384,0.48182753,-0.16684625,0.5176937,-0.25979552,-0.09716327,-0.07174488,0.25342736,0.083616495,-0.045659587,-0.052816957,0.2797905,0.10002568,-0.08073349,-0.24061643,0.09347672,0.35480705,-0.035467517,0.4235477,0.049219355,-0.13479716,0.2845638,0.3932976,-0.035257075,-0.19744904,-0.15852822,-0.68071204,-0.08778311,0.62465984,-0.37225604,0.288759,-0.76355606,0.41513073,-0.91543055,0.27610904,0.0069025974,-0.48606446,-0.13832013,-0.48244873,-0.18529272,0.5704716,0.46739486,-0.7568626,-0.045487117,0.2958776,0.78939223,0.118253,-0.07720521,0.7513955,0.5404233,0.5341102,-0.27829084,0.11196713,0.48548058,-0.28476787,-0.5576726,0.064303316,-0.30276203,0.08646145,0.13726367,0.5765609,0.21234296,-0.30877307,0.56141037,-0.5376644,-0.38870707,-0.37558892,-0.041236136,-0.28006998
-0.379939,-0.0074880417,-0.2413671,-0.19643067,0.04904718,-0.31227392,0.29429817,-0.039017837,0.18470079,0.18081298,0.28933048,-0.40033937,-0.1708555,-0.16075811,0.26164412,-0.29019123,0.09892861,-0.61240166,0.23808418,-0.19094384,-0.43335667,-0.09923605,0.10090605,-0.5571806,-0.23367171,0.37770957,-0.4368211,-0.419816,0.0012843524,-0.3199928,0.2752259,0.36053684,-0.1716627,-0.17687647,-0.24735576,-0.14226134,0.2330634,-0.11808456,0.11212254,-0.33486012,-0.35440865,0.27065188,-0.0053131366,-0.4791622,0.2914063,-0.469349,-0.039883044,-0.1390073,-0.09426342,0.20543069,-0.17607076,0.23354158,-0.16556601,-0.4268599,0.37243542,0.0987065,0.30594432,-0.10570956,-0.45460066,0.2511526,-0.08143421,0.4524926,-0.30521828,0.19077146,-0.05699351,0.49744308,-0.413756,0.16918921,0.46801606,-0.17199306,0.16331156,-0.39081073,0.26292574,-0.19241768,0.007967946,0.55254483,-0.08561238,-0.104464956,-0.426574,-0.07815059,-0.084303804,0.3957653,-0.18095233,0.14133805,-0.1277889,0.19242695,0.020425577,-0.19769277,0.13504127,0.35437974,-0.21539292,0.5765592,-0.20486727,0.29892614,0.005919013,-0.28355053,0.10469557,0.07206389,0.62218046,-0.32303467
-0.42554176,-0.4720146,0.29348657,-0.38501388,-0.15815534,0.08445724,-0.034554612,-0.56310624,-0.09642832,0.5464179,-1.4177835,0.27367756,-0.16984458,0.08159805,-0.0060751922,-0.36707112,-0.86469424,-0.54351,-0.6230661,-0.20659423,-1.3192627,1.1102257,0.31858253,0.14830932,0.31417027,-0.16377313,-0.5254656,-0.8633833,-0.82300764,0.20362876,-0.116966195,-0.95259243,-0.7980749,0.11079521,-0.55477375,0.15964982,-0.25218147,1.1194979,-0.7189219,0.25562882,-0.333837,-0.03581148,-0.4441144,-0.51717025,-0.3711643,-0.34273955,0.17144158,0.54094094,-0.5557974,0.16457883,-0.024549115,0.25335246,1.6023872,0.49537915,0.78668267,0.8767236,0.43032345,0.560143,-0.10577873,-0.0047170394,-0.45038486,0.04689967,-0.13649014,0.46797445,0.028562067,-0.34627163,0.22648399,-0.32155013,-0.07734962,-0.28098577,0.35025105,0.254615,-0.0027740095,0.12831692,-0.5795652,-0.4959668,0.13647717,0.44872752,-0.3182391,0.52486265,0.8392954,0.2106227,0.2690645,0.29086715,-1.6490785,-0.01933015,-0.71443266,0.9269583,-0.114243835,0.18502513,-0.35015818,0.19834456,0.069876224,0.6804183,-0.0328332,0.7360619,0.21222323,0.14109537,0.2637011,0.31199634
0.17886272,0.32063293,0.36053798,-0.04181827,-0.5227768,-0.50670695,0.09779251,0.097765416,-0.6132438,-0.09294274,-0.37564236,-0.22943534,0.36862266,-0.53383297,0.39191478,-0.49619585,0.24904081,0.5607863,0.16229317,0.20712748,0.2024116,0.0006427141,0.83665246,-0.54405975,-0.41518345,0.4207473,0.13287663,0.11930042,0.08228407,-0.3331934,-0.4548206,-0.71211624,-0.44949841,-0.1912985,0.68949455,0.05480529,0.45731315,0.321941,-0.4686972,-0.24137476,-0.91380334,-0.35517952,0.14547195,0.33811957,-0.0058610104,0.030197669,-0.47999078,0.10739459,-0.28115967,0.19316097,0.37544072,-0.36383376,-0.42395234,0.082965605,0.049130015,0.042614516,-0.18200779,-0.12865987,-0.7299742,-0.00574379,0.53679043,-0.30880985,-0.19432233,0.44522992,-0.63002956,0.07271158,0.3601032,-0.35287258,-0.010069511,0.38594943,0.19165963,0.12879173,0.5984807,-0.6938698,-0.4032025,0.8143031,-0.37644762,0.4947045,-0.16567445,0.96731687,0.1962188,0.036026157,0.5548768,-0.24680418,0.42566746,0.6847906,-0.007644679,0.11383624,-0.2628047,0.28251746,-0.092215784,0.9520765,-0.30341104,-0.15246789,0.04627459,0.38059852,0.19146265,0.24966444,0.316036,0.56078017
-0.06328325,-0.10307929,0.21693477,0.24043916,0.2795002,-0.3234113,0.16159931,0.108706854,-0.26379707,0.047652923,-0.15243405,0.9288173,-0.746777,0.22167742,0.7741246,-0.18506956,0.01487573,-0.45390975,-0.53357434,-0.34271657,0.2080586,0.41658577,0.0487429,0.8247551,0.19441117,0.7232704,0.07923522,-0.76281494,0.16506323,0.90160584,0.1522902,0.06993027,-0.23363268,-0.110654026,0.13296455,0.2001665,0.18951222,-0.43112957,-0.13839617,0.07728725,-0.38580638,-0.048430603,-0.58760625,0.5079622,0.24386047,0.21939158,-0.28799468,0.49999386,0.32949203,-0.15447968,0.42040366,-0.2818222,0.23336262,-0.51672584,-0.2230582,0.022045461,-0.5498647,0.3224329,-0.33723262,0.061511546,0.44704682,0.27447724,-0.17614216,-0.0071123317,-0.17326991,0.07940131,-0.19658855,0.084911756,0.18728147,0.5087977,-0.1744205,-0.3487321,-0.7444521,-0.8915476,-0.019873554,0.34790435,-0.7893907,0.4054892,0.36184582,-0.024031475,0.9138316,-0.05230436,-0.40450424,0.6532386,-0.09990388,0.305199,-0.7059995,-0.55878425,0.6108329,-0.52483755,0.27229902,0.41338238,0.30277103,0.53827983,-0.111388974,-0.29526252,-0.10824404,-0.35499325,-0.13007881,0.37342414
-0.17694071,-0.70164,0.24145277,-0.82379913,0.1201741,-0.58626366,-0.24663173,0.17299357,0.18454528,-0.025569,-0.4774112,0.22846241,0.29131988,-0.15036568,-0.38113102,-0.6440864,-0.05567867,-0.16571908,-0.11682951,0.1810053,-0.35570344,0.79948974,0.56736505,-0.3203509,0.0057347906,0.34820807,-0.91330355,-0.5338922,-0.42355874,0.17389774,0.33382624,-0.5311927,-0.07782123,-0.13885713,-0.04876274,0.15087147,-0.17666617,0.3436572,-0.025317624,0.039669633,-0.2779841,0.38304695,-0.4695315,0.03389603,-0.37185898,-0.36629876,-0.014046851,0.042219117,0.58778566,-0.09205899,0.053786647,-0.33643642,0.2780082,-0.08653157,0.5211854,0.35522017,0.2873915,0.46971628,-0.08082078,0.43596527,0.18564539,-0.020502895,-0.31313017,0.26026103,0.18076703,0.08343612,0.64000785,-0.46676594,-0.43334866,-0.6789503,0.14035858,0.38888603,0.25891414,-0.0077223415,-0.38671336,-0.13269404,-0.29328203,0.13484778,0.23602608,-0.19951664,0.7715428,0.5363827,0.04294516,0.5828495,-0.59185904,0.3112758,0.5409204,0.52550745,-0.48678088,-0.27972856,-0.05023077,-0.48181823,-0.19839154,0.7514752,0.5327481,0.04983553,-0.08114487,0.7051644,0.033538464,-0.105382815
-0.36698395,-0.30184272,0.8139414,-0.62474257,0.13034803,-0.47497278,0.6129224,-0.37145457,0.17918912,0.103992626,0.18005645,-0.7076565,0.0877952,-0.695762,0.23421146,-0.38621864,-0.45598575,0.5346406,0.09817902,0.06394199,-0.024363609,0.6190543,-0.025113607,0.20812881,0.24828525,0.93323153,-0.2921017,-0.7556407,-0.40152833,-0.5794901,-0.6443832,-0.9624279,-0.9610949,-0.7235553,-0.628473,0.23196705,-0.9274985,0.6454832,0.35540724,0.20837614,0.35364556,0.4721124,-0.48944706,-0.0708538,0.5289745,-0.314792,-0.14134696,0.07145384,0.15192321,0.23040248,-0.524642,-0.114827156,-0.024625648,-0.029737791,-0.20254035,0.11368742,0.91937,-0.7581147,-0.05008424,0.24327238,-0.6150151,0.053300317,-0.698995,0.42527273,0.13991146,0.43789852,-1.0487728,-0.5219948,0.117350176,-0.2666417,0.23056719,-0.1694896,0.09650788,0.5876381,-0.03635597,0.053282067,-0.5572239,-0.3827788,0.65097654,0.207317,0.5391006,0.17591657,-0.542112,-0.017828884,-0.41154128,0.31956673,0.060298655,-0.09950065,0.47237992,0.022838145,0.10642539,0.18251158,-0.18397225,0.21125929,0.8229371,0.1411379,-0.12489168,0.34226522,-0.35010245,0.21547662
-0.18017007,-0.13670997,0.40984792,-0.43907303,-0.1815346,-0.1955036,0.3913049,0.032666367,0.16872215,-0.12658662,-0.07103187,-0.017110804,-0.254891,-0.5708325,0.5157308,-0.2644351,-0.45938528,-0.33522356,-0.21035126,0.11049272,-0.06066828,0.52767074,-0.13203673,0.105432756,0.18190588,0.7268131,-0.5965945,-0.27403444,-0.23587954,-0.1943599,-0.4819981,-0.7370649,-0.6966045,-0.53631234,-0.4409698,0.17852253,-0.2941098,0.41772407,0.13955092,0.28124574,0.1504122,-0.07097614,-0.26679587,0.012409362,0.3750386,-0.39547366,-0.1070118,-0.42766243,-0.21815875,0.04349119,-0.4845251,-0.10772864,0.0805474,-0.25227723,-0.18440188,0.16370298,0.5031352,-0.10626628,-0.21244733,0.07429162,-0.5120412,0.18681455,-0.3017849,0.3146761,-0.0043814825,0.042904068,-0.5080474,-0.40564135,0.19248012,-0.05932876,0.022583244,-0.19855233,0.30251938,0.5945829,0.045436505,0.0630309,-0.114159696,-0.46819648,0.38761833,0.09331382,0.05704799,-0.08620416,-0.15343732,-0.029166076,-0.01924896,0.4472802,0.045473658,0.07761862,0.27804714,0.08896989,0.081489824,0.23364377,-0.32698748,0.34621993,0.5993079,-0.087283045,-0.22942115,-0.09895684,-0.12937236,-0.24538676
0.017922876,-0.21304354,0.54832304,-0.61754215,-0.23701692,-0.3502235,-0.5830476,0.2919389,-0.31788933,-0.33954197,-0.5554826,-0.5962509,0.014940019,0.0019075497,-0.111647926,0.14746821,0.095626675,-0.2053467,-0.25777435,-0.21539527,0.15850195,0.53577864,-0.10086438,-0.2331339,-0.12091991,0.3794517,-0.5770326,-0.26027223,0.9064495,0.18041047,0.11708899,0.26474553,-0.02976101,-0.15693161,-0.06342638,-0.1476299,-0.2584599,0.61823463,-0.5533849,-0.112960905,-0.21598476,-0.17739241,-0.15471883,-0.10555847,-0.24906391,-0.11790969,0.11207848,-0.20191833,0.35942924,-0.2014627,0.63511527,0.38556433,-0.113344885,0.016335495,-0.2699182,-0.011348628,0.40852922,0.3065177,-0.13991159,-0.045235965,-0.151011,-0.12541954,-0.22304952,-0.16609189,-0.56103426,0.41253784,-0.36636502,-0.1008118,0.22294979,0.4654925,0.030648867,0.11048432,-0.07072806,-0.19956028,0.022140428,0.34007764,-0.25875416,0.028564012,-0.5321676,0.45525897,-0.66988623,0.4159057,-0.009547341,0.4516849,-0.28587267,-0.14322746,-0.0061219567,-0.3267587,-0.056434147,0.18163717,0.101588555,0.27519947,-0.478918,0.09193955,0.18635161,-0.04348675,0.6001393,0.06369713,-0.06332469,0.94790214
-0.3756105,0.8352502,-0.27646807,0.31222263,-0.46880242,-1.2784644,-0.11309332,-0.14968851,0.070117384,-0.20396258,-0.16399437,0.08999434,-0.016560232,-0.20700085,-0.49553344,-0.40932542,0.56186205,0.24109872,0.26897222,0.018253265,0.41505525,0.037477795,0.07014502,0.11898389,0.45153144,0.085326225,-0.16353212,-0.2990363,0.26091132,-0.11404919,-0.22894377,-0.35568616,-0.6421096,-0.7014697,0.56879556,0.01917773,-0.21301562,0.33329785,0.6803388,-1.2080734,-0.8803487,0.24253015,-0.48971918,0.019550057,0.14908619,-0.31503236,-0.12420091,0.03286629,0.23495254,0.003531076,0.3229386,-0.38935903,-0.26766586,0.65394247,1.0096847,0.5436845,-0.18891737,-0.70788336,0.36698428,-0.03925332,0.34622717,0.0617422,-0.43520615,0.31954625,-0.4630658,-0.5725659,-0.117354974,-0.3915732,0.10581423,0.20055717,0.28037605,1.3288513,-0.21767068,0.07493072,0.08066843,0.15305358,-0.42241135,0.17530324,0.76210445,0.27402854,-0.07457065,0.818653,-0.49111268,0.31190836,-0.010529185,-0.55883974,-0.61710435,0.5253022,-0.09170728,0.82123643,0.4602796,-0.32960457,-0.22489655,-0.109259814,0.42714274,-0.0129950475,0.784306,0.7198216,-0.18935747,-0.54924107
-0.5765023,-0.17115483,0.3780879,0.42727298,-0.12633589,0.05316205,0.25527716,0.07972454,-0.4286569,-0.25151008,-0.6555963,0.22388947,-0.23893705,-0.5304301,0.21214052,-0.5039192,0.41853777,-0.2969518,-0.1093125,0.1311477,0.2759851,0.020743426,-0.21928976,0.030220142,0.03285769,0.5255205,0.033776283,0.37407312,0.24759106,-0.34157324,-0.2912974,-0.37294453,-0.7857553,0.26825306,0.11148748,0.02283102,0.20943707,-0.12278385,0.36425787,0.24912353,-0.05672335,-0.16266717,-0.0021374389,-0.30427715,0.29807246,-0.1725778,-0.36413613,-0.26170704,0.7062867,0.14904779,-0.07238098,0.20094372,0.054809507,-0.41397712,0.19417074,0.25834027,0.46402726,-0.0125958705,0.071613975,-0.12102711,-0.19207205,-0.02956365,0.0760548,-0.06452889,0.28754795,-0.23801672,0.15187721,0.23032895,0.22315562,-0.03109696,-0.061289433,-0.026296765,0.41829133,-0.18828823,0.5608652,0.4714241,0.07800457,-0.056916695,-0.17366275,-0.33160618,0.40439776,-0.37962276,-0.091375105,0.3381223,-0.4567349,-0.8857223,0.6081648,0.20967497,0.03559995,-0.25799468,-0.2949862,-0.116477214,-0.0065142466,-0.06842294,0.0951535,0.17312601,-0.6755315,0.28916198,0.1346157,-0.13229527
-0.20001568,-0.4539937,0.9012356,-0.6679456,-0.48836276,-0.47123826,-0.29221717,0.010118533,0.088118285,-0.22301076,-0.27324712,-0.019008636,-0.10949007,0.19079608,0.17779708,-0.5601712,0.1746051,-0.31136653,-0.15933503,0.8932919,-0.25867674,0.63476354,0.22074494,-0.052108046,0.42789838,0.3982658,-0.20728229,0.29421005,-0.56997335,-0.15745458,0.22180212,-0.47146216,-0.015919069,-0.6334889,0.097869515,-0.61126894,-0.016305042,0.6566706,-0.31761897,-0.104361676,-0.27467516,0.41445896,0.28951606,-0.18427505,0.20504403,-0.7444068,0.49724337,0.70975584,0.27959326,0.3259499,-0.268628,0.013698009,-0.18993774,-0.3806496,0.43558726,-0.38422674,0.3513963,0.03527912,0.2436315,0.3772254,0.5021968,0.14290272,-0.39636555,0.014285401,0.40103865,-0.19909224,-0.4113807,-0.48961365,-0.27511576,-0.3279886,0.3823176,-0.4796099,-0.32872704,-0.38577676,0.105777286,0.040042035,-0.043453213,0.5021775,-0.54353523,0.05092921,0.33083695,-0.19900146,-0.0054921084,0.124664895,-0.26377273,-0.21200827,-0.0719682,0.5498155,-0.52999336,0.37461817,0.3014992,0.6109888,0.06259124,0.36042002,0.23734301,-0.021573827,0.007849697,-0.09898014,0.144003,-0.7921303
0.08572598,-0.1254365,-0.1909799,0.23474096,-0.19003452,-0.8072532,-0.26452678,0.39204213,0.016289681,0.64171785,-0.40517074,0.22374728,-0.38594297,-0.29212373,-0.20403256,0.045351814,0.24478069,0.24088648,-0.37012005,-0.41378292,0.09567973,0.5762013,-0.70416045,0.5101973,-0.06922828,0.4542312,-0.22303797,0.21879289,0.30250803,-0.97323704,0.36109763,-0.20808016,-0.5244962,0.18072619,0.015936704,0.20533629,0.0384263,-0.36996755,0.64202195,0.23068091,-0.51265574,-0.68637687,-0.07562071,0.09444711,-0.61790407,0.2533865,0.17012702,-0.20191364,-0.06989537,0.82026833,-0.3585806,0.6647912,0.1713541,-0.32233214,-0.08289742,-0.18629782,0.07364787,-0.12425722,0.23306017,0.332745,0.7714638,0.5378698,0.090533026,0.028228596,-0.3288227,-0.2216472,-0.22138506,-0.11629347,-0.37937385,0.037902217,0.33125147,-0.48747322,0.43998682,-0.23134063,-0.8326985,-0.43921804,-0.10813876,0.6505467,0.0819985,-0.12934321,-0.22387615,0.22228113,-0.62380666,0.8152059,0.013894867,0.58073765,-0.14567247,0.027140673,0.44627175,-0.26018012,-0.5853968,0.499975,0.013095997,0.88212043,0.17795682,-0.03463825,0.23776022,-0.08903529,0.4372411,-0.00017549675
-0.059854954,0.15794912,0.15674189,0.55629945,-0.76723266,-0.4240591,0.22637554,-0.35132897,-0.22286731,-0.51732385,-1.8440204,-0.81919265,-0.90699375,0.068549365,-0.28635186,-1.220635,0.5540461,-1.4249007,-0.82033926,0.47356766,-0.04726129,0.3231808,0.647356,-0.08244523,-1.1550758,2.196444,-1.1301411,-1.4055918,-1.4225409,-0.13425119,-0.15524612,-1.2483315,1.3925849,-0.6520769,0.80072075,-0.37632328,-1.3428816,0.84852576,-0.4187231,0.34551927,-1.2716336,-0.9819692,-0.21633792,1.153264,-0.21068431,-0.6139037,-0.79733837,0.28354785,1.3596277,0.86978346,-0.4461193,0.79650116,0.40277565,-0.14775264,-0.08905794,1.4189416,0.27286315,-1.1903483,-0.37694088,0.48161757,-0.7608055,0.2857083,-1.0851533,0.5125999,1.2216344,-0.44721383,-1.4887561,-0.25120628,0.9703214,-0.25437367,-0.2227356,-0.7792767,-0.70725447,-0.001704056,1.0704926,0.44374582,-0.11892817,0.8772784,1.4877017,-0.3787737,0.1118247,0.3003052,-1.1392437,-0.78353614,-0.2678271,-0.4775213,0.72470504,-0.568135,1.2740749,-0.09075422,0.28516173,0.5714347,0.33472323,-0.3280256,-1.1367251,-1.3917342,-0.24530311,-1.0647434,0.31473306,-0.3254844
-0.15404606,0.4948383,0.17115107,0.22946972,0.37993622,0.29710558,-0.13647844,0.14879122,0.5698641,0.57871217,-0.007842989,-0.3225388,-0.15789856,0.34277725,-0.035769153,-0.18774424,0.10960271,-0.23855607,-0.13394554,-0.048357874,-0.773618,-0.07741085,0.32010543,0.774292,-0.12966743,0.8904062,-0.9473671,-0.6243335,0.08299597,0.17173864,0.010181742,-0.3935682,0.06974788,-0.6683564,-0.66481614,-0.922386,-0.44200525,-0.49212435,0.49211752,0.0060582473,-0.7572268,0.099633396,0.13097908,0.14369114,-0.8063291,-0.20377114,-0.23209864,-0.2944442,0.36076733,-0.13660885,-0.10156563,-0.04953693,-0.35473877,-0.46204835,-0.51592094,0.34626004,0.31021252,0.7671401,0.04790399,-0.24630737,0.15513898,-0.5886966,0.056230158,-0.046017963,0.13316382,-0.558027,0.44775173,-0.6530253,-0.20206386,-0.23916756,0.6774276,0.36165604,-0.6358868,0.25557902,0.08934543,0.18076111,0.23034768,-0.024553908,-0.41158882,-0.09752191,0.59820014,0.19865786,-0.14953513,-0.37095305,-0.17163298,-0.26172775,-0.25703025,0.082696825,-0.13987024,-0.02540781,-0.24566361,-0.21499805,-0.10130339,0.032931916,0.40411693,-0.02606654,0.6488441,0.81024826,0.07266551,-0.13411061
-0.08033043,0.62655383,0.43189332,-0.13372439,-1.1534733,-0.5312935,-0.10585194,0.5214157,0.7393226,-0.49537793,-1.392427,-0.5196812,-0.5344531,0.275762,-0.64632624,-0.640174,0.8035921,-0.5783104,-0.55574256,1.1109937,-0.50837517,-0.35661593,0.102384865,0.29118386,-1.7262149,2.4751391,-0.7284995,-0.8700995,-0.47132596,-0.44271034,-0.5681247,-1.0851768,0.47850668,-1.5437915,1.1166406,-1.2622603,-0.5337224,1.2052082,0.26873365,0.8754638,-1.5390693,-0.3575308,0.22291107,1.0869465,-0.45240775,-1.0817226,-1.2142698,0.41708434,1.465375,0.54837036,0.12272078,0.86315715,0.21197897,-0.40996695,0.34954894,1.1743711,0.3670042,-1.3563802,-0.167413,0.69735605,-0.28586274,0.40888497,-1.357663,0.74737674,1.0128245,-0.13466612,-1.4350404,0.21428293,0.6541097,-0.044392627,0.065028906,-0.7162528,-0.1501811,0.6347512,0.8783574,0.94491696,-0.2925605,1.0614855,1.8320645,0.034881648,-0.826983,0.11380354,-1.6237929,-0.58392525,-0.46426615,-0.17358644,0.85918415,0.78365344,1.5114212,-0.30884597,-0.35913324,-0.01590103,0.42795667,0.13023336,-0.5420269,-0.9898208,-0.74433714,-1.061877,0.3765554,-0.1502097
0.14759909,0.5057413,-0.011586385,-0.2352669,-0.91052175,0.43619198,-0.07815026,0.20219275,0.38417867,0.23150139,-0.23374967,0.008097565,0.18986572,-0.0724225,-0.6009893,-0.20711231,-0.06295033,-0.10690029,-0.14691797,0.5928552,0.23584625,0.20495877,-0.6913679,0.37288162,-0.6745209,-0.2071745,0.022892652,-1.0468725,0.014618676,-0.120991394,0.05756321,-0.7424907,0.17597777,-0.695719,-0.2869387,-0.039427396,0.18863015,-0.18680604,0.048521202,-0.04032261,-0.60692173,-0.10758647,0.042948738,-0.4330527,0.28264108,-0.3798637,-0.25139925,-0.28038883,0.8535579,0.38565105,-0.22427982,-0.4836874,0.25199696,-0.53752697,-0.14369541,-0.37295356,0.36818066,-0.12827732,-0.075884044,-0.094162084,-0.41085508,0.23463538,0.442177,-0.5202117,-0.45909655,-0.19456317,0.77822924,-0.31619126,0.019004203,-0.3354729,0.9439284,0.1140907,-0.25133198,-0.43987486,0.39104447,-0.27927738,-0.07447824,-0.19348636,0.35637596,0.09111059,0.048302826,0.10775873,-0.3168827,0.23891164,-0.14482655,0.74338114,-0.77766657,-0.29070112,-0.44943684,0.06701819,-0.52746814,-0.40535367,-0.58845085,0.10563353,-0.078275055,-0.492438,-0.094782725,0.39198762,-0.09445279,-0.13656569
0.038112212,0.23002912,0.10351046,-0.039027035,-0.49001387,-0.23087554,-0.5750354,0.19138692,0.16621943,0.3894092,-0.003863789,0.66263425,-0.7369387,-0.0044996226,-0.1274094,0.1374816,0.015985604,-0.0323934,0.42226967,-0.67641294,-0.05567084,0.096380964,-0.05131365,-0.4506826,-0.15506886,0.6044544,-0.3369523,0.17983314,-0.4498572,0.010224201,-0.1758448,-0.39552364,-0.3803447,-0.3468749,0.015392938,-0.31755978,0.034044486,-0.0674199,0.34225774,-0.09384497,-0.4201972,0.3276537,-0.028873634,-0.2199159,-0.36563525,-0.00018792872,-0.004390707,-0.23342966,0.5741348,-0.056696378,0.37871245,0.378792,-0.3232963,-0.14901336,-0.36070403,-0.25781918,-0.22608915,-0.1827604,0.05291691,0.06498934,-0.40897438,0.5681087,0.15779886,0.036831025,-0.11462917,-0.0012123693,0.057965,0.37805566,0.11633159,-0.3975676,0.16681716,0.0408227,-0.78462917,-0.48201597,-0.12282233,-0.070169464,-0.047126293,0.03429291,-0.0056693098,-0.5592456,-0.19325629,-0.2647046,0.15390804,-0.0032662943,-0.19457215,0.3559414,0.16076662,0.2220517,0.08815945,-0.12485111,-0.5377087,0.011985088,0.0479383,-0.29231694,-0.19038883,0.32014897,-0.20476414,-0.12969777,-0.22238141,0.27730346
0.020840688,-0.1680471,0.28944045,0.48581487,-0.10726072,-1.1235182,-0.10760028,0.72868574,-1.5845232,0.20650128,-0.26041874,0.062318776,0.5169542,-0.38628295,0.11558191,-0.711769,0.028461682,-0.06022278,-0.5135283,-0.13540314,0.12130608,0.2619793,-0.014635338,0.84236383,-0.24428758,0.20651816,-0.2440944,-0.18965545,0.4469134,-0.38076088,-0.31414762,-0.31958854,0.42341703,-0.06257045,0.43072918,0.17384814,-0.06362262,-0.6684481,0.09867668,-0.3352767,-0.1926704,0.06842462,-0.34575266,-0.54277694,-0.019831665,0.00019200335,-0.30734977,0.33590472,-0.07766261,-0.1616436,-0.85465336,0.7886558,-0.31319472,0.54522365,0.14941767,0.3449863,0.11462428,-0.17427024,-0.47851247,-0.17154935,-0.6970481,0.7601491,-0.36578903,-0.18475813,1.0487299,0.42423263,1.0638169,-0.29305533,-0.62331516,0.12441121,0.22313285,-0.43811446,-0.82229173,-0.1518304,0.34950897,-0.15704496,0.07550842,0.38781896,-0.31129652,-0.14265212,0.040487293,0.6774998,0.41149262,0.14887682,-0.41979325,0.7328184,0.29181615,0.43477637,0.3307305,0.22430933,0.74857086,0.13775735,-0.025883788,-0.14476615,0.2654564,-0.18983361,-0.2869197,0.07523098,-0.12994806,0.021333998
-0.5491758,-1.129286,0.20851424,0.49535906,-0.50597715,0.08034288,-1.0793374,-0.3916564,0.16291243,0.552064,-0.016942235,0.079194434,0.21523128,-0.08137547,0.85284656,-0.39031652,0.0051490064,-0.4209539,0.08104041,-1.0405115,-0.29133537,-0.08986639,0.65707856,0.25985193,0.63158464,0.5160565,-0.48320198,-0.29496455,0.015657315,-0.5063627,0.36647066,-0.4739918,-0.3162038,-0.056681532,0.12920755,0.7843792,-0.41437683,0.5897465,0.3072448,-0.7079366,0.0057675303,-1.2351555,-0.31659538,0.13992323,-0.14555961,-0.1147491,-0.9177652,0.6156584,0.3894854,0.059365705,-0.28246522,0.20850293,-0.74880147,0.18117356,0.36068124,-0.39487648,-0.056474116,0.086824365,-0.41237283,0.2861346,0.14631607,0.055138737,-0.42127323,-0.5456434,0.10330577,0.12267018,-0.0063213734,-0.39924812,0.23306733,-0.3517866,0.34524113,-0.37120196,-0.5338294,-0.017297627,-0.291881,0.13872297,0.06681101,0.16373773,0.038565926,-0.1488609,0.17830978,-0.24733764,-0.6122138,-0.049272496,-0.6384755,0.18612793,-1.0112395,0.18895712,-0.15740778,0.2417811,-0.21905139,-0.17521288,-0.30572453,-0.036355373,-0.04303056,-0.75725734,0.6303953,0.2591669,0.18657833,-0.15912902
0.38388565,-0.039588008,0.060426477,-0.7000814,0.1521562,-0.2216999,0.20931646,0.029668942,-0.09923732,0.15411042,0.525158,-0.20182726,-0.797764,-0.27215382,0.28016466,-0.13446361,-0.3203428,-0.078003496,-0.55981475,0.031990573,0.5087342,-0.21234179,0.05259142,0.29074952,0.023825144,0.06757579,-0.121277295,0.2717868,0.14244877,-0.30346468,0.4706737,-0.4532339,-0.39774737,-0.68052185,0.08254191,-0.19701223,-0.35753006,0.32391456,-0.3196431,-0.27837753,0.56753325,0.23676917,1.2105885,0.32274738,-0.15482505,-0.16599475,-0.5504179,0.47885486,0.382627,-0.3556635,0.15320203,0.19418466,-0.23598257,-0.14147565,0.37328616,0.20659672,-0.13446638,-0.22364047,-0.24795277,-0.3982054,-0.07638221,-0.081857026,-0.25177225,-0.13007659,0.083617635,-0.0616261,0.09288095,-0.11362501,-0.09059141,0.84368765,0.02062433,0.32409355,-0.34675014,0.2926952,-0.220738,-0.14529416,0.2930221,0.2071046,-0.34338215,0.19219276,-0.018758772,0.4376241,-0.38861427,0.065449424,-0.7527372,-0.2926586,-0.16003773,0.32180685,-0.2859402,-0.18004793,-0.6047853,0.35897192,0.15958086,0.630343,0.16810884,-0.057471257,-0.44201,-0.25642893,-0.16385972,0.44381088
-0.05795611,-0.34237456,0.72433317,-0.8431893,-0.35147303,-0.5278287,-0.2436094,0.002423542,0.39167836,-0.11411508,0.017559178,-0.20702781,-0.078448765,0.21314012,0.010325456,-0.453143,0.29336214,-0.28609484,-0.2719355,0.7434996,-0.15588176,0.6469062,0.4048945,-0.0737695,0.39712057,0.11351752,-0.34975693,0.42428443,-0.5721769,-0.19983806,0.38070717,-0.7169354,0.21861744,-0.5412565,0.26589847,-0.42489934,0.07446243,0.6736032,-0.40651193,-0.35769588,-0.40712413,0.5106951,0.21450607,-0.13972718,0.3551472,-0.4338499,0.26383477,0.65524673,0.45491207,0.4127063,0.08478356,-0.022862853,-0.2510676,-0.30718932,0.10434239,-0.59624016,0.31089994,0.060075253,0.011397585,-0.08537127,0.2732773,0.57976276,-0.86194205,0.16988298,0.52157485,-0.3234574,-0.20664291,-0.31602293,-0.12280337,-0.17693485,0.3602265,-0.49284747,-0.30654532,-0.33616966,-0.0922167,-0.08996258,0.0075515206,0.4956216,-0.5365726,-0.049579147,0.13767146,-0.24612236,-0.15271679,0.09365259,-0.5660134,-0.28853086,-0.00900323,0.22512397,-0.24881418,0.0445186,0.3453152,0.38870284,0.16770563,0.44849625,0.27398273,0.30108574,-0.008374207,-0.2564905,0.18676938,-0.89144087
0.37599313,-0.02593808,-0.042955294,0.30186495,-0.37833333,0.17834169,-0.064351924,0.078004755,-0.5330173,0.46495885,0.30591208,-0.48980775,-0.11423797,-0.15459757,-0.27860445,-0.37021428,-0.61383325,0.28497544,-0.36886543,0.5120664,0.47462076,-0.20954508,-0.06681587,0.0608167,-0.37739986,0.7642857,-0.14278406,-0.18946563,-0.21232098,0.19148062,0.7160005,-0.43388045,-0.5975276,-0.55079436,-0.12407255,-0.16202976,-0.005866689,0.6687392,-0.00186476,-0.2963071,-0.8313815,0.071026795,0.43834868,-0.14536516,0.35176933,-0.1534115,0.11093629,-0.4257899,1.0032833,-0.4307592,-0.52545315,-0.8175157,-0.27946788,0.25086752,0.18036148,0.4464546,0.9093025,0.6197949,0.2907301,-0.15427591,0.25613198,1.1171235,0.060166854,-1.1583374,-0.5465436,0.040663384,-0.23884736,-0.065679885,-0.62493837,-0.44245172,-0.7596624,-0.3388505,0.6209785,0.21143655,0.18735033,-0.76038146,0.3057765,-0.17937548,-0.08342641,-0.44500732,0.15494235,-0.30111247,-0.5181562,0.41289964,0.07797208,-0.14297727,-0.67311573,0.15854329,0.3343529,-0.24769746,0.3743089,0.15840942,-0.29350156,-0.29275295,0.47180942,0.5767658,-0.28078684,-0.048456162,-0.061159324,0.5414762
-0.061893836,0.035680655,-0.15333845,0.23164584,-0.23522162,-0.38746557,0.017424405,-0.12056111,0.48518753,-0.24528511,-0.08428545,-0.26726505,-0.5564983,0.2982432,-0.31159484,-0.08327669,-0.27223828,-0.18818408,-0.5517087,-0.41699812,-0.32821143,-0.25221843,0.3503115,-0.33668333,0.10342456,0.92305714,0.20454608,-0.26381823,0.020395963,-0.8462875,-0.37654737,-0.07020526,-0.15695952,-0.10662309,-0.06556511,0.34022754,0.10934167,-0.07636402,-0.23971573,-0.07279445,0.14086317,0.23722883,-0.5741805,0.1479055,-0.15500218,-0.35393584,-0.2394074,-0.16657957,0.29788482,0.41981697,-0.46648043,0.3571858,-0.058617093,0.055513013,0.32830182,0.20220669,0.2395593,-0.32064974,-0.1412489,-0.28010628,0.43489018,-0.21911132,-0.39869022,-0.1679936,-0.16166668,-0.018917615,0.3355997,-0.5416677,0.23714446,0.07011014,-0.035020493,0.27408463,0.35939285,-0.03658212,0.35085452,0.26444715,0.38509232,0.2003501,-0.23152292,0.16910012,0.20235665,-0.40071747,-0.32864597,-0.22315566,0.20269361,-0.26600966,0.38313845,-0.19892065,-0.0649396,-0.017084716,0.17352684,0.33408764,-0.24282067,0.18596171,0.34335053,-0.14000952,0.0010739027,0.35888755,0.08573312,0.19966476
-0.09350564,-0.24929348,-0.19913796,-0.2472478,0.16110578,-0.4105958,0.560603,-0.1866631,-0.2095767,0.17397451,0.63941556,-0.35452446,-0.35880157,-0.4481702,0.007582457,-0.28481954,0.5018201,-0.71094215,-0.07199631,-0.67383504,-0.52898616,-0.4065374,-0.10065785,-0.10383281,-0.41652215,0.05002773,-0.14387697,-0.29571727,-0.08203648,-0.058442153,0.13735695,-0.106590234,-0.36689854,0.026299242,-0.0686824,0.12833388,-0.083035655,-0.42008412,0.2577158,-0.33187643,-0.59556615,0.098746456,0.01005447,-0.23328432,-0.1855611,-0.75087243,-0.21821457,0.0331154,0.45294893,0.40224043,-0.15272905,-0.21671174,-0.37716165,-0.34669465,-0.068266034,0.28265998,0.9136685,0.038944874,-0.3272923,0.27949992,-0.3611389,0.37114727,-0.79251,0.25363168,0.066142604,0.61953276,-0.4745765,0.010314894,0.5409826,0.21954142,0.154403,-0.7788359,0.36149347,-0.40219685,0.08642803,0.7535203,0.04158935,0.4991193,-0.8324657,-0.39403224,0.15930599,0.6440816,-0.22457568,-0.31263903,-0.25462294,0.5894388,-0.26365963,-0.41619584,-0.17939328,0.5613716,-0.52004534,-0.01906354,-0.7498407,0.15293874,-0.1372206,-0.12708673,-0.05242374,0.14600894,1.0554596,-0.4277158
0.12539992,-0.012312692,0.45655075,0.3396582,-0.41408107,0.47902676,0.20782386,-0.0075768325,0.31671652,0.46228224,-0.083303116,-0.18541698,0.20152259,0.40679908,-0.18450584,-0.7656934,0.2449094,0.07964963,-0.8489849,-0.16796082,0.12173791,0.3408399,-0.46827462,0.7069686,-0.111039735,0.4642347,-0.3654785,-1.004016,0.09621978,-0.27194464,-0.05090504,-1.0665219,0.2503396,-0.37208033,-0.620167,-0.618191,0.28254142,0.21466461,0.5652199,-0.45465258,-0.28375527,-0.24511927,-0.112010494,0.354456,-0.14271162,-0.2895527,-0.31772062,-0.36001492,0.33154207,0.30549157,0.21192084,-0.32734713,-0.026468325,-0.6099469,-0.14995877,0.042997506,0.58413213,0.26957917,-0.23035412,0.38588098,-0.47008088,-0.18098484,-0.26664135,-0.098004356,-0.42265114,-0.25606987,0.8346503,-0.53284496,0.03568648,-0.8845301,0.39259827,0.122966535,-0.844184,-0.33452013,0.06625642,-0.2414799,-0.27058923,-0.1736414,-0.3476518,-0.061334886,-0.21169382,-0.21616063,-0.4495365,-0.30136025,-0.74458176,0.02013249,-0.45651966,0.04467881,-0.47557893,0.26688975,-0.87488663,0.045386977,0.04308497,0.15805705,0.43343356,-0.59870774,0.6192791,0.22203143,0.14188723,0.41742837
0.102877334,0.38385504,0.55203325,0.5592684,-0.37158296,-0.14652249,0.69209206,0.51003444,-0.19345386,-0.49892023,-1.4337804,0.26809105,-0.064583465,0.72136575,-1.0285907,-0.6358942,0.87039614,-1.2205969,-1.1729085,0.8047198,-0.33433884,-0.5095821,0.06962111,-0.19818187,-1.4987535,2.051951,-0.8232962,-0.9448438,-0.27298725,0.56185555,0.23161009,-1.2081172,0.11940437,-0.9693117,0.32784188,-0.9155612,-1.010402,0.8569279,0.39197287,0.507503,-0.8489806,-0.09087814,-0.6623822,1.515283,-0.85821027,-0.62198603,-1.1268599,0.20840207,1.0179172,0.9193794,-0.27903718,0.55313206,0.31702748,-0.95900416,0.40226606,1.8481628,0.40260658,-0.5436416,0.48470104,0.08424556,0.21771535,0.7244708,-1.6519516,0.49418432,0.94396335,-0.1402494,-1.0762254,0.04043636,0.68291205,-0.039658226,-0.16301207,-0.48129666,-0.28406593,0.08726446,0.6783253,1.2579188,-0.6022669,1.1969956,1.4577482,0.07470173,0.5601855,0.33364725,-1.5733563,-0.31088358,-0.44967958,-0.18550701,1.0718169,-0.5792954,1.593409,-0.036485523,-0.20041128,0.2073279,0.32703894,0.15007928,-1.1254443,-0.9762622,-0.04673147,-0.9419508,0.9344281,0.46526068
-0.12945442,-0.36568162,0.4332441,-0.16380668,-0.6866493,-0.43055683,-0.5426714,0.4149902,-0.17696518,-0.09884404,-0.09290597,0.3265682,0.6230843,0.4822872,-0.1263788,-0.041085273,-0.27679127,-0.25503784,0.01554945,-0.09245646,-0.14513354,0.64489627,0.04500099,0.27870893,0.45103976,0.24476452,-0.5281236,0.016872765,-0.5418115,-0.24445571,-0.31447798,0.11411158,-0.4007136,-0.22520603,-0.11343062,-0.6325969,0.76650983,-0.5029451,-0.054687437,-0.46236736,-0.13523082,-0.77358615,0.0021922353,-0.18249232,0.4373052,-0.11229556,0.04610314,0.2949328,-0.31015822,0.01465451,-0.52450716,-0.25380948,-0.20939992,0.25755703,0.097014464,0.12014245,-0.17579225,-0.36916572,-0.18849635,0.011569693,-0.13938463,0.094070375,0.16065148,0.33077502,0.19733289,-0.15751769,0.3077864,0.5253685,0.1352426,-0.050177813,0.116063535,0.077657856,0.19760895,-0.461145,0.4657208,-0.28135395,-0.2728874,0.32053167,-0.32505608,-0.29054838,0.31801495,0.04091631,-0.90768325,0.3315791,-0.09198772,-0.081366345,-0.65270984,0.0045785294,-0.30601797,-0.11294321,-0.0034667342,0.557057,0.1919909,-0.009052073,0.5030943,0.043087345,0.22888802,-0.48882183,-0.020974763,0.09032323
0.0772249,0.29383034,1.2324036,0.16946077,-1.5899986,-0.14704451,-0.050087783,0.33655924,0.26886657,-0.27803838,-0.96005017,-0.111229435,-1.2174668,0.10172462,-0.9935412,-0.882017,0.446298,-1.0957332,-1.0099164,0.82627356,-0.7244646,-0.45018286,0.24813516,0.19932134,-1.3461972,2.3730433,-0.904217,-0.6575837,-0.48055682,0.02717318,-0.5337184,-1.3648871,1.0172035,-0.92369026,0.94824135,-0.54152566,-1.3450319,0.11929833,-0.5380343,0.15345271,-0.88599545,-0.5330726,0.01592048,1.6578141,-0.15858772,-1.0074465,-0.8144551,0.46616006,1.3627923,1.075702,-0.5547723,0.7884625,1.3107742,-0.21225174,0.25473872,0.85849404,0.3494417,-0.23933363,0.18049946,1.1548916,-0.94552076,0.102838695,-1.1245772,0.5565811,0.8559465,-0.23257674,-1.3107944,0.45734498,0.86147296,-0.024479935,-0.22574191,-0.45437413,-0.59595746,0.21307649,0.83919233,0.582186,-0.07105458,0.96837103,1.2329054,0.14854454,-0.27152395,0.41221747,-1.5664821,-0.5331906,-0.87457556,0.38954908,0.6682433,-0.7701873,1.9070935,0.16459663,-0.46469817,0.097931854,0.42132857,0.34060922,-0.9456656,-1.341185,-0.7811461,-0.75911003,0.70585036,0.15667099
0.017613757,0.08015016,-0.03516325,-0.1673152,0.17589425,0.2672236,-0.3777794,-0.41188195,-0.26357257,0.5530141,-0.35235247,-0.0558554,0.04004425,-0.009108984,-0.1946057,-0.055327058,-0.3500189,0.09533323,-0.06362895,-0.25976306,0.18440719,0.4399631,0.13055694,-0.11406311,-0.036434397,0.088165745,-0.1554111,-0.0035251132,-0.10915117,0.590818,0.23223704,-0.21921465,-0.2204181,0.16206251,-0.4046314,-0.46240565,0.025089359,0.38392833,0.57254654,0.069347546,0.037194405,-0.20340574,0.24313515,0.16979122,0.4410707,-0.04842458,-0.42523643,0.19559895,0.32568467,0.11831008,-0.24643019,-0.0918891,-0.43027106,-0.32804495,0.0039551887,0.08980799,0.9353246,-0.45805764,-0.5888788,0.010094815,0.053983048,0.12132605,-0.5318754,-0.45545802,-0.53138745,-0.5014145,0.36986724,0.14906614,-0.23069938,-0.5142334,-0.087563194,-0.42123675,-0.009748951,-0.1857382,-0.07435606,-0.22917171,0.54281235,0.015287503,0.07577533,0.014704302,0.35195607,0.3952325,0.1303988,0.49744236,-0.14140467,-0.26428473,-0.07619459,0.04410138,0.2984191,-0.4118577,0.4293805,0.14916904,-0.5676005,0.18746349,-0.15761659,-0.15723905,0.18744202,-0.054123152,-0.1396976,-0.059492808
0.055108182,0.097527735,-0.12412419,-0.048304208,0.06301445,0.203379,-0.2772801,-0.55166334,-0.31262663,0.45619616,-0.48901007,0.07634585,0.011076808,0.053481862,-0.13909853,-0.08475119,-0.21174778,-0.0021915026,-0.16324663,-0.34136614,0.34549043,0.31003648,0.09987751,-0.24278194,0.13600199,0.023560252,-0.12257298,-0.11713191,-0.05858277,0.7944876,0.07778949,-0.48798633,-0.26322103,-0.08759623,-0.33795914,-0.49649554,0.045099743,0.38618436,0.45503315,-0.002867343,-0.012860379,-0.061551575,0.28151056,0.20121028,0.23203775,0.092678085,-0.4043277,0.1928149,0.3742,0.1008382,-0.27230737,0.102957115,-0.13760458,-0.44711426,-0.02683666,-0.122685164,0.9611905,-0.59695053,-0.386302,0.06563328,0.089238465,0.20000559,-0.23925363,-0.3235383,-0.12975504,-0.5086033,0.2692283,0.14845537,-0.15301925,-0.47787604,0.19893837,-0.38645396,0.18686554,-0.2625705,-0.14280368,-0.21551543,0.4518062,-0.02382221,0.26570648,0.015876383,0.09046608,0.13596557,0.17208403,0.30543366,-0.40936053,-0.21666603,-0.2384855,-0.053984765,0.27292168,-0.32340768,0.41070837,-0.0019964825,-0.5480512,0.053093817,-0.06314882,-0.0323421,0.26779675,0.0669679,-0.10015173,0.027644966
0.036010284,0.41837755,0.85416394,-0.17293264,-0.33265337,0.33629265,-0.06620662,0.109863505,-0.567303,0.4217565,0.1858242,0.57196087,0.078018576,0.22346145,-0.1977198,-0.39992607,0.4419375,-0.14307769,-0.060817283,-0.17211193,-0.25211415,0.1158972,0.26870653,-0.05159068,-0.41996756,0.07184329,-0.25102177,-0.12913164,0.6792041,0.01355082,0.03131741,0.038332075,-0.8661005,-0.05734541,0.24540773,-0.40949777,-0.4771379,-0.53221834,-0.63833416,0.15947314,-0.06320404,0.41990963,-0.03747768,0.1496688,-0.18832906,-0.35974148,0.060778398,0.032909654,-0.08615295,0.5313612,-0.75333273,-0.17318477,-0.30533302,-0.08352434,0.24521175,-0.295829,0.16766721,0.08911669,-0.5320707,0.3070952,0.15892969,0.65435493,-0.47451606,0.20746875,-0.32926473,-0.092307344,-0.2522945,-0.2896656,0.030575376,-0.02495589,-0.13871418,0.11113777,-0.20467637,-0.34347987,-0.27169335,-0.57576126,-0.48007017,0.4527907,0.362166,0.07512133,0.08346132,0.13830061,-0.89143896,0.2916919,-0.41363156,0.2381634,-0.21938848,0.4821503,0.20778354,0.73300946,-1.1441083,-0.684097,-0.47206202,-0.12070268,0.2809741,0.14659935,-0.54385203,0.24598235,-0.012553469,0.2741774
0.19911146,-0.03217132,1.1246146,-0.0785175,-0.1576488,-0.942498,0.81625354,-0.30104545,-0.02844594,0.37421006,0.10719954,-0.15014468,0.045027573,-0.8071837,0.19890884,-0.12974574,0.32021526,-0.13984253,-0.006657797,0.05937164,-0.53555536,0.121031605,1.1226292,0.116580755,0.106995374,-0.40359378,-0.6314106,-0.69916236,0.89982486,-0.79767704,0.5412476,-0.74021524,0.21129502,-0.6979405,0.5174157,-0.028180772,-0.3388021,-0.45925188,0.45334378,0.7144693,-0.9311712,0.71895456,-0.03646194,0.009838162,-0.20229323,-0.19999164,-0.7084965,0.23173638,-0.1168079,-0.052352346,0.42677012,-0.60623974,0.35885084,-0.035976194,-0.31596467,0.5955292,-0.422091,-0.38572365,-0.2515367,-0.5739798,0.40836126,-0.2015909,0.24861573,-0.3938749,-0.40227652,0.068520315,-0.10925457,0.5625237,-0.06201252,-0.057024997,0.025623806,0.46338993,0.82201064,-0.49019456,-0.23035672,-0.24976265,-0.17548169,0.48675805,0.060300916,0.051657528,-0.33401346,-0.08876249,-0.36244288,-0.45278096,0.34177515,-0.21432064,-0.52610296,0.043657053,0.18959786,-0.15844862,0.38264042,0.69804037,-0.086890176,0.39689395,0.3611103,-0.35250247,0.21469252,0.4002295,-0.57808024,-0.20760328
