0.09679719,0.954219,0.05858316,0.13144438,0.01475501,-0.33198428,0.40035585,-0.22997138,-0.15772162,-0.622107,-0.7781738,-0.52813214,-0.030789472,0.28649023,-0.0919469,-0.05016808,0.20516309,-0.24727917,0.3175577,0.45591107,-0.6572482,0.25421843,-0.70001066,0.43904707,0.731711,-0.569641,-0.30381763,0.119151644,-0.40120035,0.10023091,0.013886486,-0.49439985,0.023809724,0.16066793,0.4155597,0.026937693,0.119323835,0.36127165,-0.053963747,0.26386732,0.75077987,0.12579215,0.1321832,0.87250805,0.2509042,-0.020039326,0.12178641,-0.0051180837,-0.23179999,0.092391506,-0.2798787,-0.349179,0.20507264,0.43121278,0.17361496,-0.13422567,-0.47842285,0.22500822,-0.6061671,0.24926332,-0.018396461,-0.09616813,-0.7128434,0.47019458
0.32708436,1.0332042,0.15586226,0.271935,-0.0043639457,-0.23677309,0.36758578,-0.051844466,-0.2613335,-0.68357676,-0.7350097,-0.390509,-0.049752988,0.16375522,-0.05330722,0.02587249,0.12363047,-0.26962563,0.24961899,0.44411242,-0.56406736,0.19260862,-0.68070394,0.36106572,0.8539008,-0.38104895,-0.3515346,0.086860985,-0.23843975,0.05269711,0.04668894,-0.50952077,0.03765357,0.23290297,0.32751548,0.056836035,0.106533185,0.42402783,-0.010074907,0.20029455,0.7677379,0.17134987,0.100168124,0.85185874,0.11156499,0.110287145,0.32790282,-0.05669242,-0.13028742,0.04584476,-0.36701277,-0.6065218,0.12680763,0.37617072,0.28296062,-0.047746297,-0.425569,0.15876392,-0.6162953,0.2175073,-0.12527612,-0.06676741,-0.6498243,0.40869328
0.16112205,0.96587205,0.02026408,0.24894328,-0.10822623,-0.21031517,0.50619006,-0.08877711,-0.41102096,-0.71347296,-0.64133775,-0.42552567,-0.051701386,0.24468271,-0.1662229,-0.030191503,0.15254252,-0.20409982,0.36832377,0.41080248,-0.48977035,0.083362035,-0.63144666,0.5067381,0.7987543,-0.3551783,-0.43158954,0.08842818,-0.28488094,0.15328822,0.15502863,-0.4572763,-0.013084456,0.16886325,0.31567666,0.16180621,0.1599282,0.4881409,0.008557939,0.28226516,0.7835347,0.11280924,0.02582121,0.7922018,0.24738222,0.061863933,0.21775839,-0.026855884,-0.24884985,-0.026677646,-0.35957712,-0.56555176,0.16637488,0.28832483,0.31476286,-0.058986086,-0.4212525,0.03950018,-0.6743065,0.1671926,-0.0065691182,-0.11796745,-0.7998502,0.50710243
0.33985052,0.9126751,0.042810027,0.1458441,-0.06697864,-0.2039193,0.3567026,-0.20798881,-0.3113086,-0.6195123,-0.701653,-0.48761442,0.051178817,0.29159132,-0.028944729,-0.11451697,0.11500525,-0.16571179,0.40027145,0.35719237,-0.5641214,0.35919258,-0.55186534,0.36970374,0.82322294,-0.46257302,-0.25557283,-0.03215601,-0.22735389,0.06825173,0.0075887097,-0.5370496,0.11764634,0.05686519,0.35934052,-0.00932227,0.24151352,0.4590196,-0.14522462,0.36650464,0.69979894,0.053705912,0.21122365,0.93640786,0.16020341,0.023662932,0.13808893,-0.20605332,-0.14779648,0.012277073,-0.35236052,-0.38622853,0.30088693,0.5683847,0.19986695,-0.033793725,-0.44727355,0.16341962,-0.691331,0.1195226,-0.101916425,-0.2352832,-0.6835316,0.46776435
0.23112887,0.9578154,0.1725369,0.15907282,-0.220403,-0.26180562,0.5236385,-0.20664841,-0.15550786,-0.59621376,-0.6529738,-0.57105076,0.039029084,0.31710535,-0.068421185,-0.07151681,0.09262147,-0.20338549,0.38623512,0.41279018,-0.43738896,0.27518657,-0.73367584,0.43042034,0.67076457,-0.44317344,-0.28105187,0.047620006,-0.35889545,0.18503168,0.07116925,-0.51127183,0.09477667,-0.09363905,0.2714062,0.02857959,0.1302497,0.42351335,-0.118261665,0.27251613,0.7442627,0.1575673,0.0512011,0.90689886,0.017467957,-0.0031244275,0.36801082,-0.15652186,-0.111254446,0.08901488,-0.22604777,-0.5480393,0.27056664,0.3477341,0.29734287,-0.121591754,-0.39694878,-0.08049601,-0.81793284,0.13691963,-0.1295309,-0.16755204,-0.6556558,0.4357027
0.31602088,0.9429914,0.032120205,0.19820659,-0.09698815,-0.17447044,0.1786814,-0.097254224,-0.26625386,-0.5390107,-0.75137055,-0.429347,-0.13656077,0.30299258,-0.11110895,-0.0017278409,0.102578156,-0.14316544,0.45188516,0.32256618,-0.65280133,0.19853026,-0.64556885,0.46205354,0.83101606,-0.44350198,-0.32051608,0.15168038,-0.40028432,0.087423675,0.010575329,-0.3531418,0.002417777,0.026287556,0.33720967,0.02529443,0.19158469,0.49128905,-0.068102375,0.19334538,0.8111058,0.114091724,0.074849404,0.8727745,0.14059278,-0.02450971,0.13145325,-0.08525789,-0.22495477,0.041076463,-0.3022249,-0.5047019,0.28050697,0.4225337,0.24832293,0.06434815,-0.41391003,0.14020948,-0.7494986,0.1745186,-0.0020343629,-0.054690722,-0.7466447,0.47763494
0.3152827,0.75713634,0.1560026,0.22464587,-0.060214754,-0.24797894,0.31405,-0.17098352,-0.3180982,-0.56803334,-0.67117953,-0.50356776,-0.07682965,0.22978619,-0.053528894,-0.10646088,0.054287836,-0.13120167,0.36156186,0.32041493,-0.5449381,0.3613813,-0.57963735,0.5196291,0.8832657,-0.43054625,-0.24855885,0.0681043,-0.3306922,0.09548543,-0.025156183,-0.5615145,-0.10117891,0.07783225,0.41780704,0.090993844,0.18018022,0.46991652,-0.047957923,0.2941032,0.8247807,0.13167398,0.26225644,0.86635345,0.37669143,0.027467547,0.24237278,-0.17512198,-0.22731285,0.10074664,-0.3071795,-0.49618635,0.26502,0.41133913,0.37425065,0.011657245,-0.37524745,0.0059382906,-0.72107035,0.13050757,-0.013724405,-0.117195696,-0.76645476,0.4116651
0.21460232,0.80573106,0.05926203,0.22055292,-0.050614048,-0.23690303,0.4129836,-0.220025,-0.20432742,-0.56300324,-0.72825897,-0.536191,-0.1434979,0.2666895,-0.054124516,0.07479233,0.13188478,-0.26256323,0.41186178,0.39906743,-0.53289783,0.30077636,-0.6321748,0.38485008,0.85716075,-0.368912,-0.46769112,0.09228671,-0.3750068,0.1312902,0.10284025,-0.46370444,0.005689385,-0.03831934,0.2537231,-0.028930765,0.010099895,0.43085775,-0.09318792,0.1799098,0.84630775,0.14296637,0.1084089,0.79443014,0.19627413,-0.07085918,0.20314465,-0.064769015,-0.19407953,0.084456794,-0.33537096,-0.40334374,0.39751077,0.5036802,0.3257955,-0.02686257,-0.24725987,0.07714574,-0.6696735,0.23334448,0.017520659,-0.06501005,-0.8582109,0.4538446
0.25058365,0.878053,0.011223767,0.15785165,0.031777453,-0.24137239,0.3951367,-0.2974889,-0.29672495,-0.65623134,-0.72221226,-0.5957462,-0.077856764,0.32739654,-0.11939126,0.01953977,0.13780771,-0.09522629,0.20077263,0.36386916,-0.4325125,0.1696498,-0.6635958,0.32862845,0.7946922,-0.48790935,-0.47561568,0.011036222,-0.3020332,0.22434121,0.2218956,-0.40215653,-0.03223474,0.21700606,0.142812,0.24217781,0.20505936,0.50354123,-0.13993706,0.40453458,0.80865663,0.13771053,-0.0010196001,0.85011584,0.13048206,0.123240665,0.2645876,0.048821528,-0.293685,0.02800741,-0.2756728,-0.3121248,0.16148768,0.39325973,0.27942786,-0.08239363,-0.57466,0.08638175,-0.7952809,0.06796344,-0.23664919,-0.26116598,-0.66024417,0.45709336
0.15933809,0.89538825,0.07219428,0.21671477,-0.12530223,-0.25644115,0.33394268,-0.29930255,-0.37686807,-0.64498043,-0.811744,-0.6134573,-0.10327605,0.39560604,-0.14532453,0.02733333,0.13260706,-0.07813664,0.27722627,0.37187862,-0.5733639,0.248203,-0.4757065,0.4049157,0.770803,-0.3805651,-0.41820884,0.050025575,-0.27426958,0.01711207,-0.10449187,-0.4872717,0.04995869,0.022420784,0.13052173,0.0995923,0.20734707,0.45892853,-0.059029154,0.30602017,0.7975604,0.08497014,0.052916043,0.81233853,0.13953184,-0.026065165,0.22023103,-0.12123337,-0.27900782,-0.00014385508,-0.29871202,-0.39240336,0.18344466,0.39482045,0.2795515,0.05482852,-0.45418334,0.046567533,-0.7309648,0.19169812,-0.06654346,-0.18989229,-0.7222272,0.49215648
0.1966716,0.8755435,0.1061658,0.120023526,-0.034909625,-0.27143472,0.34699762,-0.20753694,-0.31499222,-0.61456,-0.64410734,-0.452924,-0.020879408,0.27648062,-0.17655054,-0.093027085,0.09191724,-0.09450879,0.32974893,0.44939393,-0.62198144,0.2151779,-0.61800027,0.43210587,0.83360493,-0.46922627,-0.29787105,0.054546434,-0.22082685,0.12621044,-0.033225838,-0.5645493,0.019845389,-0.0016529122,0.19508177,-0.06573412,0.116277285,0.382001,-0.058798082,0.30822667,0.6842127,0.09150421,0.18716289,0.9036347,0.15016983,0.0065959566,0.23182292,-0.1293051,-0.20981291,0.023820637,-0.3460287,-0.3670808,0.17274831,0.43256044,0.22182316,-0.02120818,-0.48053548,0.22149912,-0.7546145,0.1607736,-0.005471149,-0.19955091,-0.74668235,0.5593609
0.033587437,0.7865861,-0.08239157,0.23360148,-0.08856199,-0.3315442,0.37516227,-0.24265271,-0.28606835,-0.52657086,-0.700862,-0.5033116,-0.13842036,0.24944349,-0.12930839,0.07050091,0.21558788,-0.1256304,0.30711576,0.41637886,-0.62406087,0.23949541,-0.6050973,0.45497927,0.83447635,-0.47515953,-0.5554705,-0.012250199,-0.39576915,0.22606455,0.0646142,-0.41257268,-0.02204823,0.14944756,0.3685532,0.09602824,0.12876077,0.3871173,-0.1158868,0.38963085,0.82443637,0.2572953,0.13062613,0.8108291,0.18907078,-0.07565131,0.015482724,-0.05579691,-0.123792484,0.13455588,-0.28736356,-0.3851493,0.1874294,0.4061352,0.34589827,-6.3417494e-05,-0.42790577,0.118498184,-0.7846776,0.14950222,-0.11583111,-0.034754023,-0.6318708,0.48609683
0.02265285,0.8502362,0.06053551,0.21480049,0.037493072,-0.17258444,0.30672058,-0.22132552,-0.27855122,-0.4674718,-0.882767,-0.3841664,-0.21027206,0.19194815,-0.12506883,-0.0041103903,0.17347498,-0.08259532,0.27462524,0.386017,-0.5969063,0.088124625,-0.60357714,0.3182197,0.9491381,-0.41725272,-0.3580064,0.0354168,-0.24749896,0.24312414,-0.016528625,-0.44626147,0.004825205,0.11597143,0.29392493,-0.1091638,0.16927063,0.39393464,-0.043623965,0.27460912,0.7215286,0.21468379,0.15718652,0.8554388,0.18220897,-0.022511333,0.23484434,-0.11526559,-0.15986566,0.17338921,-0.27448407,-0.42780378,0.23475598,0.43599424,0.31083712,-0.074049525,-0.5291543,0.20379212,-0.80383986,0.21746272,-0.068650484,-0.13402313,-0.7808964,0.43702245
0.1024431,0.86650866,0.03466241,0.15575439,-0.19512756,-0.3369853,0.28873977,-0.3017441,-0.33873257,-0.6301112,-0.81288505,-0.4114041,0.052661795,0.32119536,-0.15245058,0.11877887,0.051869255,-0.09879245,0.25143182,0.3849411,-0.5437376,0.40482575,-0.7405219,0.40621933,0.77070004,-0.42418942,-0.45040286,0.052305795,-0.22622944,0.16719006,-0.037773523,-0.34921965,0.0029229822,0.11661416,0.31254703,-0.0636934,0.28514865,0.50561607,0.057386067,0.2950437,0.7893342,0.097242765,0.24812761,0.9776235,0.23975144,0.100830145,0.27444026,-0.067882225,-0.274509,0.047584478,-0.37834102,-0.35541257,0.23467903,0.3461994,0.15548435,0.054239932,-0.42235214,0.1440337,-0.6225456,0.16565484,-0.08487727,-0.1683237,-0.5840378,0.5145685
0.11237549,0.8474999,0.003350314,0.06505732,-0.25627035,-0.10621114,0.4020852,-0.15102492,-0.37108904,-0.66637933,-0.7678712,-0.59107023,-0.09009796,0.3283777,-0.17784339,0.053764034,0.121164195,-0.13137391,0.4725395,0.22956596,-0.57112867,0.2590149,-0.6775859,0.49942508,0.87225,-0.4118044,-0.35788664,0.1125011,-0.22153933,0.20721306,-0.029826336,-0.46657255,0.020392975,0.03782533,0.11766326,-0.014549073,0.1087876,0.42263842,-0.14568582,0.25504628,0.66907567,0.2321593,0.101547725,0.9176941,0.036353856,0.015322119,0.32999003,-0.087084465,-0.2263393,0.22404584,-0.31697732,-0.36562282,0.3928528,0.5049996,0.26966283,0.053749405,-0.42000812,0.12507509,-0.76360804,0.15029143,-0.09808124,-0.23191498,-0.61858904,0.48655233
0.23836404,0.95374316,0.022176493,0.3240126,0.04254291,-0.21360004,0.3272945,-0.29654002,-0.27912858,-0.5693056,-0.6571191,-0.49387845,-0.050232798,0.22646013,-0.06641052,0.014565297,0.11667243,-0.3178111,0.27284524,0.37057477,-0.65514195,0.1857976,-0.6715589,0.38919485,0.8041053,-0.49805307,-0.41657254,0.117752604,-0.3488706,0.10487412,0.048626445,-0.41652414,-0.03948246,0.05072797,0.36751375,-0.017284218,0.16450347,0.36546278,-0.13800567,0.23289494,0.7984539,0.146035,0.101387054,0.7327319,0.19213097,0.192105,0.25197622,-0.090111636,-0.18642402,0.13946915,-0.33027864,-0.54605085,0.17791256,0.38254574,0.21072172,-0.010567453,-0.43521726,0.17621404,-0.7575967,0.16799062,-0.009481118,-0.032604396,-0.6685311,0.4614853
0.27426356,0.86960053,0.09949797,0.18049927,-0.089609474,-0.22323602,0.35930508,-0.23765907,-0.21581349,-0.55652404,-0.7887695,-0.5549003,-0.0056830817,0.20052539,-0.20595382,-0.010696847,0.009440397,-0.16630179,0.31875864,0.42333892,-0.49690187,0.23067047,-0.6151281,0.44048274,0.7163432,-0.40954876,-0.2834927,0.08415359,-0.36116883,0.1788643,0.041227996,-0.47579113,-0.022776196,0.0067378776,0.19105974,0.11162633,0.10776481,0.4960367,-0.14927226,0.25729716,0.85274136,0.090441965,0.20231523,0.86704046,0.11549199,-0.06678384,0.27855083,0.011478295,-0.29161856,0.11739666,-0.26015764,-0.39730778,0.21261713,0.30982223,0.3299277,-0.035468612,-0.46670094,0.01595827,-0.76175857,0.17225878,0.0052407556,-0.18662344,-0.7254973,0.5495748
0.2989151,0.9307672,0.022474535,0.13897635,-0.13793035,-0.093189426,0.31198126,-0.07630444,-0.20196171,-0.6269224,-0.7815194,-0.48207697,-0.079450324,0.19908853,-0.19551763,0.031716887,0.12082835,-0.042830016,0.29141244,0.3054658,-0.53136426,0.22300093,-0.682147,0.25796187,0.8955311,-0.3528014,-0.38504976,0.18223172,-0.2918098,0.19239558,0.11277147,-0.4191763,0.04929087,0.15575549,0.23711891,0.028134108,0.17134257,0.4467273,-0.1906485,0.2034995,0.8762187,0.17537855,0.02123453,0.8778069,0.03401861,0.058873862,0.22591265,-0.071985595,-0.25271678,0.032314185,-0.2670488,-0.5064282,0.30606982,0.4948236,0.24385233,-0.019475503,-0.42978972,0.17475428,-0.7025839,0.1416265,-0.13638598,-0.11549131,-0.6570968,0.40891245
0.26407802,0.8066027,0.047120906,0.0577903,-0.12476229,-0.16669974,0.30509055,-0.21843974,-0.13932173,-0.5841349,-0.793015,-0.47335714,-0.14630479,0.21114148,-0.23036882,-0.020973625,0.18708569,0.0593591,0.26816693,0.40753433,-0.5352819,0.32526198,-0.78759116,0.31874886,0.7721697,-0.43715814,-0.37044093,0.10888769,-0.29201642,0.12410541,-0.007369802,-0.5449256,0.07695652,0.124039546,0.18246953,0.072533295,0.19255833,0.37140685,-0.18929225,0.31823108,0.8378955,0.1685802,0.15962736,0.8243658,0.16530627,0.09270999,0.24992207,-0.12354332,-0.1807652,0.12866308,-0.3194472,-0.39002952,0.24662624,0.36246592,0.24630614,-0.10510092,-0.40064943,0.22113425,-0.72686803,0.15709278,-0.18494621,-0.26296404,-0.68421966,0.46651316
0.54941654,0.87099385,-0.3679112,0.12204137,0.049865406,-0.29666504,0.18346539,-0.25388926,-0.26949438,-0.58172715,-0.71896255,-0.56226414,-0.1617049,0.21063994,-0.3637126,-0.047967874,-0.021283727,-0.28459263,0.14376405,0.48854917,-0.44568008,0.18255119,-0.6955478,0.44951847,0.8859736,-0.3321155,-0.28912207,0.10728578,-0.18608485,0.09308084,0.026773848,-0.46109012,0.23000212,0.17314595,0.22453067,0.0060201385,0.112090684,0.518053,-0.008534387,0.27202258,0.6169221,0.18769011,0.2702665,0.84059197,0.084751606,0.23709932,0.19804215,-0.025203865,-0.06815391,0.10827318,-0.38769716,-0.42684692,0.29694238,0.43641713,0.36197776,-0.030974092,-0.5101103,-0.0036613722,-0.72641593,0.21806811,-0.031102382,-0.17942469,-0.67936164,0.60579455
0.4829988,0.8946312,-0.40667036,0.051363733,-0.14081138,-0.17307542,0.27877352,-0.0903583,-0.14981183,-0.5815493,-0.6113926,-0.5103377,-0.21426652,0.21931033,-0.23728302,-0.19261128,-0.022824291,-0.06948412,0.070610546,0.4831624,-0.39205852,0.2376373,-0.6285988,0.38075387,0.8890522,-0.28449756,-0.24847066,0.11909942,-0.06650436,-0.010828821,-0.036012772,-0.5742034,0.3381599,0.13620013,0.28199762,-0.0060845865,0.05632115,0.35116032,-0.07099063,0.26738593,0.6243534,0.21394797,0.21792136,0.8282957,0.044869374,0.18578848,0.2054783,-0.19861253,0.020938832,0.065712176,-0.4259232,-0.48691332,0.30185622,0.5183516,0.4178125,0.02168911,-0.33731613,0.084733695,-0.78908587,0.23044668,-0.03977076,-0.10384762,-0.74860954,0.48921323
0.5290063,0.9371992,-0.35466072,0.028485881,0.12518401,-0.2434672,0.24093081,-0.117992,-0.22908358,-0.5420668,-0.7481444,-0.489983,-0.029570037,0.06454946,-0.3638005,-0.01181477,0.011392379,-0.14698087,0.23318383,0.4599511,-0.42170322,0.22382845,-0.6654001,0.48037615,0.9341973,-0.34225932,-0.11442737,0.15688957,-0.1542093,0.15361762,0.037054725,-0.4743495,0.20221792,0.19858553,0.36120084,-0.005101787,0.06689553,0.42295054,-0.10434411,0.14147209,0.5599232,0.13563535,0.3377967,0.8715265,0.09397367,0.063807584,0.10804618,0.008704151,-0.08814781,0.09750782,-0.30731866,-0.36100703,0.32599667,0.4677587,0.3616896,0.05535597,-0.48601565,0.115335375,-0.67431146,0.25553668,0.055918157,-0.016267998,-0.77278394,0.55620515
0.3201097,0.89771837,-0.42688918,0.093406506,0.010960578,-0.23032856,0.26700297,-0.26811317,-0.35394242,-0.40382642,-0.8485314,-0.6613375,-0.15020493,0.056595884,-0.2541877,-0.16831718,-0.053255077,-0.14410076,0.12281682,0.4259033,-0.43626624,0.16587803,-0.5888882,0.52442706,0.84118265,-0.4412485,-0.20866004,0.07701818,-0.19208077,0.034813743,-0.09943863,-0.3856491,0.25318933,0.18498722,0.40544093,0.0058189547,0.11555558,0.31742054,0.02653416,0.16908893,0.46875352,0.1792898,0.38258523,0.8318752,0.15025839,0.24677429,0.12651882,-0.12771614,-0.057290465,0.2590782,-0.22843929,-0.3558437,0.30994886,0.36990136,0.32643187,0.112577796,-0.4570795,0.10977401,-0.8857466,0.2919585,0.028364703,-0.09568026,-0.7764217,0.52339077
0.4575144,0.86029863,-0.41230443,0.17292614,0.11474301,-0.19595215,0.3642084,-0.1958891,-0.35150313,-0.5456955,-0.7428598,-0.7217213,-0.1477835,0.11321628,-0.37184677,-0.04203669,0.09362074,-0.16025512,0.058735218,0.4735895,-0.368922,0.28927436,-0.6193473,0.44471464,0.8387821,-0.41248265,-0.37359348,0.081521414,-0.12755775,0.052504074,0.050373822,-0.41053888,0.25918645,0.23599128,0.31788313,0.12796965,0.07215391,0.40198898,-0.11755932,0.19999987,0.6229326,0.17813848,0.17127965,0.7739895,0.08342245,0.18809232,0.076687224,-0.14518695,-0.15429927,0.08786194,-0.17343785,-0.38639015,0.24049723,0.44124153,0.39425224,0.03573769,-0.39085168,0.0027336779,-0.701962,0.16833754,-0.112475865,-0.10320447,-0.83553964,0.38978267
0.66970867,0.97784674,-0.35563618,0.015750235,-0.008886517,-0.23644154,0.2174245,-0.20230229,-0.20317604,-0.42852443,-0.65484166,-0.5621851,-0.24723828,0.21428354,-0.20893079,-0.17638424,0.031411964,-0.11872594,0.11545241,0.5398677,-0.36187562,0.39418972,-0.6579922,0.38140765,0.7208887,-0.43246716,-0.22318758,0.14178297,-0.25530875,0.038729217,-0.018036228,-0.48193336,0.21673322,0.04808123,0.4411133,-0.004770517,0.18796468,0.44738954,0.05396351,0.20633861,0.5395982,0.09098888,0.27477798,0.7671083,0.1513255,0.34606895,0.08045397,-0.22555344,-0.061003253,0.1485746,-0.3370184,-0.42681646,0.3212215,0.37103996,0.28590393,0.038714238,-0.36656305,0.096993655,-0.8305829,0.1725126,-0.059558943,-0.21678226,-0.70951116,0.49930543
0.47298637,0.5984366,-0.3755415,0.1381367,0.075207606,-0.30385995,0.29502872,-0.18052153,-0.3162297,-0.64022505,-0.7881999,-0.6939649,-0.23974322,0.22441602,-0.21484578,-0.18978988,-0.043437816,-0.2680773,0.0039025892,0.51571804,-0.37895602,0.14653894,-0.6109405,0.3849339,0.8059038,-0.402724,-0.37095696,0.10394452,-0.13941589,0.023818368,0.07825716,-0.46925166,0.14119549,0.32111198,0.3140427,0.037341427,0.07914522,0.40660062,0.019789014,0.17102386,0.6434617,0.2197528,0.21269982,0.80089504,0.12189326,0.34408715,0.21150315,-0.16523616,-0.09574945,0.10258626,-0.35622352,-0.41219726,0.2339268,0.4335396,0.42579392,-0.01940472,-0.43722266,0.09185232,-0.83221865,0.21071307,-0.09669347,-0.16104853,-0.8317932,0.5181039
0.4629266,0.80892587,-0.35131127,0.07025099,-0.020772355,-0.2519099,0.41420192,-0.16554733,-0.27715254,-0.5501258,-0.58094066,-0.6266476,0.00088112894,0.152378,-0.2232516,-0.23799704,-0.035986338,-0.23843229,0.031120313,0.54874533,-0.33147505,0.2335405,-0.55838114,0.4468847,0.78347933,-0.44777718,-0.35648692,0.065693356,-0.26551569,0.1298874,0.0891939,-0.48227614,0.12967765,0.34557527,0.49851164,-0.021511422,0.12445448,0.3830572,-0.042716112,0.23777018,0.689827,0.17439431,0.21888709,0.8450473,0.08230439,0.27259225,0.14975192,-0.097910054,-0.037065558,0.10319274,-0.31950125,-0.4717017,0.31577474,0.37760878,0.43395266,0.012101903,-0.48567644,0.021665316,-0.7795495,0.1930993,0.019638846,0.022662278,-0.7581682,0.5328211
0.37235856,0.61153793,-0.38810635,0.18381931,0.089555986,-0.26636773,0.4266577,-0.029569114,-0.24332441,-0.52528965,-0.6684526,-0.62912786,-0.15665026,0.12545282,-0.17578165,-0.23009029,0.052106056,-0.2702397,0.17262973,0.5508737,-0.30615857,0.1586694,-0.59936416,0.42781696,0.8269561,-0.27005053,-0.29360366,0.072644174,-0.23003452,0.13384809,0.07198915,-0.5523529,0.22773506,0.27018535,0.44737142,0.027400294,0.032738313,0.466085,0.030212829,0.12521768,0.6857173,0.18504335,0.23567301,0.8378227,0.18815878,0.16846529,0.06632511,-0.17691246,-0.05557681,0.12135566,-0.3292332,-0.4252068,0.42069283,0.50123495,0.43169022,-0.08920273,-0.38541752,0.045486633,-0.7532483,0.2517604,0.054765895,-0.09575623,-0.932062,0.36243302
0.562382,0.68246675,-0.49877554,0.06015764,0.0023388313,-0.34220853,0.3365059,-0.109220535,-0.23077077,-0.6075942,-0.70959485,-0.57948726,-0.05878553,0.17043889,-0.2039387,-0.20612343,0.077482834,-0.16764063,-0.015701447,0.43703777,-0.37841594,0.2394138,-0.6905232,0.4117948,0.7422,-0.46213612,-0.399966,0.073505096,-0.26078945,-0.012559754,-0.04865586,-0.4349624,0.15987445,0.32221344,0.44277537,0.13837638,0.09720741,0.38389218,0.05518844,0.26452857,0.65083057,0.25876084,0.24478778,0.8645811,0.048814416,0.30379397,0.19009311,-0.119690746,-0.099038646,0.116614155,-0.37638298,-0.48931956,0.29825878,0.31852588,0.48003024,0.0034461566,-0.4300945,0.003910676,-0.7941246,0.078904025,-0.2222367,-0.0701786,-0.7845783,0.49595043
0.39407066,0.7725854,-0.45042974,0.010023222,-0.041230254,-0.28754842,0.3350871,-0.12547939,-0.35919887,-0.5424884,-0.8145999,-0.5285278,-0.23912188,0.24222319,-0.17031905,-0.040232725,0.055392418,-0.23621395,0.10614629,0.43639135,-0.3621808,0.13696972,-0.6383077,0.39593628,0.8564206,-0.33501238,-0.32970428,0.08635734,-0.22675887,0.09500667,0.009554297,-0.39324674,0.303775,0.25466478,0.41795698,0.017558761,0.095054865,0.40156904,0.10530334,0.21910046,0.6061222,0.23243059,0.1673628,0.8967589,0.14346126,0.21993344,0.009239881,-0.09989515,-0.04070922,0.048939276,-0.3015266,-0.43624568,0.32681265,0.3497634,0.47054714,0.09691853,-0.385547,0.086914174,-0.8181413,0.31538424,-0.19603501,-0.060525354,-0.8378567,0.43504605
0.513688,0.8167848,-0.33341286,0.045865115,0.05882074,-0.21399441,0.24117318,-0.26701772,-0.23361053,-0.5054202,-0.74890023,-0.678463,-0.11248973,0.13819508,-0.30577615,-0.12082825,0.114521526,-0.10592367,0.083569415,0.47340825,-0.37426105,0.26660103,-0.7065761,0.4173735,0.86110693,-0.46644327,-0.31719834,0.22884603,-0.20394441,0.02301842,0.06778379,-0.49217778,0.37984705,0.20722249,0.31194532,0.19740304,0.08405981,0.4085649,-0.09139282,0.3292193,0.6534229,0.21595773,0.11860134,0.7613058,0.012737843,0.24236931,0.09350317,-0.07906056,-0.09110125,0.010726651,-0.1466976,-0.43555528,0.2930415,0.46984875,0.34761834,-0.024656182,-0.39529386,0.07452571,-0.70227516,0.1938041,-0.09922294,-0.15112141,-0.7541497,0.48070234
0.5970936,0.8158276,-0.47584626,0.07789173,0.028606458,-0.3209871,0.38677755,-0.16259311,-0.29259804,-0.57198256,-0.7715892,-0.72347087,-0.28763193,0.17538664,-0.2984752,-0.16813289,-0.024055846,-0.0969448,0.112630084,0.55507463,-0.33985442,0.2842118,-0.5668774,0.49062994,0.775173,-0.2827909,-0.25096685,0.09116375,-0.33091047,0.2190707,0.11690336,-0.40160367,0.14896722,0.131242,0.33215225,0.016056793,0.11667004,0.43262056,-0.00424962,0.25071493,0.513361,0.118144386,0.25781834,0.81231385,0.09915221,0.12006671,0.12700728,-0.12801741,-0.06579839,0.10462501,-0.24219117,-0.4288204,0.35291195,0.43115616,0.30773103,0.056975514,-0.49983716,0.03269376,-0.8062407,0.22825484,0.08723294,0.00053139107,-0.8239471,0.5535272
0.31053546,0.7328332,-0.31758612,-0.0066560684,0.1425743,-0.3159725,0.31120253,-0.18411878,-0.36691946,-0.6739179,-0.70317453,-0.7280007,-0.13102965,0.25009272,-0.33252546,-0.056928277,-0.05295271,-0.26207837,0.055076554,0.53226006,-0.32290807,0.3247795,-0.627396,0.43173304,0.8669026,-0.33327672,-0.33102027,0.15426974,-0.09112002,0.17293754,0.11627324,-0.53925043,0.1356175,0.30310026,0.34374118,-0.07579412,0.09682643,0.37006158,0.013633454,0.17384844,0.59246045,0.1930506,0.19872314,0.8362493,0.14549628,0.32081398,0.21673314,-0.16471906,-0.075736746,0.10436852,-0.31784996,-0.30022964,0.29292506,0.50624526,0.37152442,-0.039517168,-0.4417383,0.11098056,-0.70156676,0.2703164,-0.06972309,-0.104815006,-0.7662311,0.42525646
0.38503268,0.8570795,-0.36291867,0.075631596,0.009405141,-0.3640568,0.20888865,-0.3098279,-0.32891598,-0.45778432,-0.6873382,-0.65203816,-0.30482152,0.17810051,-0.28110442,-0.1692496,0.06744479,-0.18855777,0.06993443,0.46706435,-0.48617148,0.18638597,-0.61259156,0.3967244,0.7301334,-0.40597996,-0.27452502,0.10359209,-0.25028387,0.1269564,-0.1678574,-0.43946153,0.28205183,0.15757279,0.39820454,-0.09308868,0.17736395,0.31830722,0.003889815,0.26444402,0.5220647,0.31301332,0.3310633,0.74211615,0.19698459,0.21561775,0.092819095,-0.21616521,-0.0074556884,0.32659656,-0.31920323,-0.4097585,0.2744197,0.41354907,0.28806624,0.04273944,-0.47330874,0.082605146,-0.90825737,0.27446023,-0.07891815,-0.17103143,-0.7665714,0.52457243
0.42395145,0.779434,-0.3853728,-0.11251669,-0.07640689,-0.27138248,0.25701362,-0.16652705,-0.28552252,-0.527016,-0.5471533,-0.6713341,-0.14556055,0.11624842,-0.3568158,-0.18958734,-0.055794533,-0.13147298,0.20209898,0.4352792,-0.39194238,0.32917747,-0.7351214,0.42885447,0.686186,-0.37342626,-0.27743882,0.19160098,-0.24387056,0.17506717,-0.029550109,-0.37232748,0.17461208,0.23346822,0.47344816,-0.14520676,0.1844248,0.43774495,-0.063689284,0.12199779,0.583142,0.17121951,0.3065605,0.8484309,0.11372087,0.26350766,0.18886362,-0.25268403,-0.015813008,0.21960825,-0.30188417,-0.4202295,0.37489492,0.36634782,0.32151243,0.093026645,-0.4258836,0.048656818,-0.83860254,0.2772325,0.003418772,-0.12169343,-0.8762873,0.5825872
0.40327954,1.0541391,-0.4763019,0.10845592,0.07007507,-0.22890662,0.37109756,-0.26153776,-0.1754362,-0.3798263,-0.9026254,-0.5024211,-0.10564058,0.25543937,-0.21240309,-0.14159337,0.05268408,-0.24418171,0.09174946,0.5553315,-0.39156312,0.16621354,-0.6580481,0.4188406,0.8436083,-0.47868955,-0.16621156,0.03159786,-0.25976607,0.09213951,-0.05787037,-0.49587187,0.34368473,-0.009648517,0.5123936,-0.052266017,0.098791525,0.4005579,-0.03876896,0.22665593,0.4406403,0.08382361,0.21329953,0.89594126,0.09237445,0.16917028,0.13052645,-0.13536777,-0.07127077,0.13767749,-0.27734306,-0.39860258,0.42294255,0.42016152,0.25685173,-0.15856537,-0.43772265,0.09595919,-0.74157244,0.23965938,-0.046516467,-0.13713333,-0.7795323,0.48466522
0.32361335,0.7292744,-0.43799478,-0.0135032665,-0.092763856,-0.27258745,0.2822119,-0.19635342,-0.30464077,-0.5397727,-0.720557,-0.5685096,-0.20615199,0.24312598,-0.2579695,-0.10261073,-0.113928065,-0.21854426,0.12347916,0.47122878,-0.44271538,0.22604536,-0.63263196,0.474057,0.8602863,-0.38276476,-0.29869664,0.21892172,-0.15031579,0.09265628,0.0138079515,-0.40046176,0.19570394,0.2664476,0.39760795,-0.035203442,0.051010817,0.3968207,-0.0099483235,0.17253527,0.55554074,0.20551668,0.32328334,0.85826683,0.16343457,0.23452753,0.16259912,-0.16510747,-0.08740631,0.13741487,-0.31224233,-0.513692,0.396207,0.43606055,0.40190566,0.100431316,-0.28138027,0.043898366,-0.8093812,0.20871718,-0.05622873,-0.074482754,-0.9128839,0.52038246
0.45456734,0.861352,-0.44314003,0.12094805,-0.025449093,-0.23411524,0.31833968,-0.17581251,-0.4053403,-0.67701507,-0.74141467,-0.6115705,-0.074795865,0.24071829,-0.2672346,-0.021153444,-0.052746736,-0.14051852,0.08767457,0.36299482,-0.36325595,0.2662013,-0.55723566,0.4466954,0.92747045,-0.28017968,-0.26763996,0.080527306,-0.050076567,0.076886564,-0.05807022,-0.47016233,0.20765437,0.21414213,0.29415298,0.023673268,0.10617484,0.42776826,-0.10623273,0.22383249,0.6355209,0.15477431,0.1333711,0.94023544,0.10503135,0.18238284,0.14798515,-0.16016515,-0.14302503,0.05466147,-0.3496595,-0.2968979,0.32625765,0.51851493,0.48797008,0.12151137,-0.42187572,0.124146625,-0.707083,0.25562966,-0.02247476,-0.08354127,-0.769567,0.42096272
0.48003048,1.0435599,-0.32213977,0.04689725,-0.13101414,-0.21168236,0.42300895,-0.22319408,-0.13573334,-0.55245674,-0.78537947,-0.50115985,-0.080570176,0.26684958,-0.1804552,-0.22869533,-0.019346751,-0.2870491,0.14938284,0.6498008,-0.41049388,0.2702198,-0.65814704,0.46454716,0.7104203,-0.30685556,-0.27697027,0.13698941,-0.07215916,0.003167681,0.04626545,-0.5223183,0.31546083,0.12235993,0.42348278,0.016178485,0.093568325,0.3949345,0.0068104286,0.15747465,0.65533733,0.038922478,0.25726065,0.72659814,0.123593576,0.23470774,0.112551704,-0.14063406,0.054840323,-0.03725224,-0.44601512,-0.4705775,0.3271512,0.41612327,0.23789088,-0.15781118,-0.3666372,0.044171847,-0.66073895,0.17787647,0.0053475345,-0.17652486,-0.7439338,0.5903782
0.47807762,0.85133135,-0.4133672,0.06704855,-0.0036835412,-0.18053831,0.39629656,-0.1654873,-0.18151979,-0.42757556,-0.729344,-0.6495916,-0.2195966,0.18162225,-0.32349372,-0.11454853,-0.12022549,-0.23422243,0.19024447,0.4825822,-0.3373134,0.1747605,-0.66272247,0.4466758,0.86054707,-0.30968216,-0.17177022,0.23593956,-0.14717947,0.08279193,-0.07108201,-0.5978187,0.19416748,0.19119921,0.37042058,0.0004395303,-0.019808568,0.34685558,-0.18828294,0.047045298,0.5250766,0.20587933,0.27037132,0.86698836,0.10596785,0.09572696,0.21649034,-0.14077003,-0.04824108,0.20958002,-0.31982806,-0.4073644,0.3889596,0.4603146,0.4076703,0.021583486,-0.34443954,0.037380207,-0.7843821,0.2889695,-0.027720021,-0.10394748,-0.8531432,0.49070135
0.59291446,0.7760505,-0.37975314,0.025895718,-0.03471079,-0.24663636,0.28069383,-0.07045744,-0.28276318,-0.5717346,-0.709106,-0.68078595,-0.24262822,0.16869922,-0.37833053,-0.05190782,0.021919902,-0.18487781,0.25369245,0.36826402,-0.4854174,0.21522196,-0.72641915,0.48480338,0.75357234,-0.40893227,-0.20411049,0.24295679,-0.19355696,-0.019020196,-0.044131197,-0.43160385,0.23760955,0.17452316,0.3371142,0.1131019,-6.746975e-05,0.39807034,-0.08252641,0.17544848,0.580569,0.23186961,0.2306822,0.874807,0.15151751,0.122341186,0.15603422,-0.191487,-0.097189814,0.04908924,-0.234498,-0.4124304,0.3546505,0.40632945,0.39119568,0.046899628,-0.30610448,0.08954729,-0.7736205,0.24352376,-0.111566,-0.16063723,-0.9207473,0.6595466
0.49710417,0.8333474,-0.18678905,-0.05256004,0.23461093,-0.22310978,0.24362701,-0.26873174,-0.18794169,-0.4785479,-0.7420441,-0.49216518,-0.026968775,0.16547501,-0.32950526,-0.21696606,-0.019154072,-0.17428696,0.082214974,0.54546374,-0.3159385,0.26377514,-0.6539005,0.4937336,0.8793711,-0.46851617,-0.15896422,0.15299158,-0.20004131,0.05204186,0.022175528,-0.64352936,0.24371122,0.18774082,0.35325643,-0.005359575,0.099777766,0.4716241,-0.00021827436,0.36142313,0.555513,0.19863755,0.37659416,0.80670166,0.07578527,0.22855118,0.19703007,0.009244341,-0.047681127,0.17052302,-0.34663168,-0.35062784,0.27452365,0.42566857,0.41611803,-0.07460979,-0.51590556,0.002722134,-0.71901417,0.21061897,0.10659111,-0.15688322,-0.737467,0.5579573
0.47448626,0.96075606,-0.3917265,-0.050528456,-0.17462805,-0.19365908,0.33454445,-0.15243834,-0.31751662,-0.5596284,-0.70049644,-0.46628666,-0.09365156,0.138739,-0.25227246,-0.07597962,-0.15504645,-0.1733074,0.2479901,0.37839177,-0.40502042,0.19785896,-0.7183191,0.40684667,0.76360834,-0.28888935,-0.18654364,0.23226105,-0.14959817,0.04471174,-0.07766326,-0.42079508,0.16927004,0.21554744,0.44010082,-0.08747854,0.17365,0.41200536,-0.03872168,0.1284829,0.5587296,0.22387345,0.23085289,0.88157755,0.15735313,0.23946086,0.13271402,-0.117373176,0.046665266,0.140091,-0.3572489,-0.3930097,0.40716845,0.31964287,0.38327184,0.14836878,-0.35246184,0.19040558,-0.79697466,0.23147443,0.054547552,-0.05773658,-0.83797365,0.57574815
0.43003073,0.73279995,-0.3291183,0.041084018,-0.006665188,-0.25914645,0.32454145,-0.16451131,-0.18153574,-0.5596666,-0.7460281,-0.6552793,-0.25961313,0.14616673,-0.28792965,-0.07604482,-0.048029155,-0.26665252,0.1383051,0.43489456,-0.31043446,0.24827838,-0.65649873,0.4198308,0.77770954,-0.43548584,-0.35626784,0.24455172,-0.10968856,0.011599349,0.04219944,-0.45761615,0.27691254,0.3212547,0.37557754,0.0037721975,0.041113164,0.44496208,-0.0419857,0.22677176,0.6405155,0.22360021,0.3016759,0.8589042,0.07571953,0.21604627,0.09678538,-0.14030953,-0.029513117,0.12404743,-0.24504204,-0.39038777,0.367386,0.46065092,0.42847064,-0.021650383,-0.26370966,0.043234777,-0.77868223,0.23632988,-0.11800369,-0.17520697,-0.92614275,0.482393
0.39252102,0.94419515,-0.36166394,0.12392294,0.07835674,-0.22100161,0.30117035,-0.10156302,-0.24896502,-0.554228,-0.8315938,-0.58138466,-0.27234182,0.20011659,-0.17478272,-0.06585602,0.04265156,-0.23883325,0.06736839,0.49853435,-0.32574135,0.17608234,-0.6258059,0.3724755,0.91335624,-0.36921975,-0.22170338,0.18038233,-0.09667766,0.15088046,0.07658828,-0.5470198,0.18377763,0.20884867,0.36442378,-0.1161141,0.079439014,0.3907787,0.10683728,0.19481678,0.4902235,0.14490688,0.29535022,0.8080379,0.17170425,0.23924023,0.15023412,-0.21352223,-0.08471968,0.12806374,-0.23510261,-0.43859142,0.37028682,0.50663555,0.32082364,-0.01747575,-0.37467378,0.17117448,-0.6694895,0.28282434,-0.069341995,-0.05077679,-0.9033174,0.39996514
0.43838197,1.1291004,-0.25599605,0.10339351,0.24790993,-0.20039102,0.3309501,-0.20903471,-0.27112103,-0.47139797,-0.757032,-0.52229196,-0.093711466,0.13105635,-0.35980192,-0.1499697,0.060585916,-0.22300386,0.14107317,0.55084133,-0.37151265,0.10409829,-0.6762261,0.4527437,0.9303487,-0.36923745,-0.21775025,0.10967951,-0.17440628,0.124694765,0.15170705,-0.5206362,0.28162453,0.18504101,0.41117653,0.060625877,0.08846519,0.40730485,-0.05309877,0.17340015,0.57902426,0.068308815,0.21105233,0.73549575,0.15059419,0.14311959,0.15459973,0.021731602,-0.01733247,0.004742836,-0.3381707,-0.45914373,0.21879995,0.42276454,0.25064805,-0.13437408,-0.4897891,0.011215468,-0.6390985,0.23273169,0.016973387,-0.14477657,-0.78873116,0.5126269
0.2223188,0.78052884,-0.35278216,-0.066237085,0.012627554,-0.20828603,0.40036097,-0.15106997,-0.2744293,-0.61207837,-0.9177248,-0.49934143,-0.15698814,0.1887414,-0.32853332,-0.06652769,0.039548054,-0.24263652,0.22885682,0.47722575,-0.37323105,0.15578419,-0.75765306,0.45796162,0.957371,-0.31495216,-0.27244678,0.22376758,-0.13503247,0.16255955,0.1138715,-0.52366483,0.24524839,0.14193198,0.3194036,-0.04168931,-0.0023420763,0.43586692,-0.029211847,0.11942984,0.6049618,0.22475484,0.28534508,0.8011751,0.090190805,0.17451794,0.11525264,-0.062158912,0.015586322,0.08946015,-0.3350711,-0.43473086,0.48294687,0.4279872,0.35660428,-0.086122945,-0.34914762,0.11300465,-0.72916675,0.28472093,0.041179594,-0.076154314,-0.852462,0.44840166
0.49620298,0.67161596,-0.37927642,0.16239572,0.13592152,-0.2970461,0.2855721,-0.27504143,-0.30514476,-0.44366524,-0.77940565,-0.6537679,-0.15185107,0.17647016,-0.2581294,-0.15085174,0.098598674,-0.14500336,0.031933587,0.4847972,-0.28307202,0.15836181,-0.60039175,0.38261086,0.8806505,-0.41471505,-0.3395908,0.04481056,-0.22336137,0.15660928,-0.023389483,-0.522366,0.27549413,0.19401754,0.34803015,0.124103695,0.090855576,0.43175292,-0.09072604,0.28385445,0.5564685,0.22491929,0.28091437,0.8129637,0.08673931,0.22377022,0.12645814,-0.1656782,-0.106619336,0.12563416,-0.24118908,-0.40993005,0.3758172,0.44226733,0.36371806,-0.024499506,-0.44511467,-0.059026893,-0.7498392,0.17813624,-0.1420738,-0.15541857,-0.76497495,0.4576033
0.43567848,0.8058669,-0.35067922,0.062482722,-0.03152462,-0.29152322,0.33437377,-0.09976796,-0.21747474,-0.43934152,-0.79240155,-0.5369731,-0.18772526,0.21983981,-0.19974208,-0.10126558,-0.1079595,-0.16912553,0.09872973,0.5131563,-0.44496384,0.1842754,-0.6040554,0.37399775,0.7994847,-0.30984843,-0.18171345,0.15739013,-0.17401674,0.029895166,-0.06102855,-0.4865781,0.28213617,0.12837526,0.38647372,-0.060113832,0.1460131,0.5024128,0.1254778,0.20775309,0.564534,0.09351902,0.35365364,0.8830783,0.114136636,0.16904473,0.13324617,-0.22794138,-0.047491588,-0.008112219,-0.22395945,-0.4433273,0.38578048,0.42999545,0.24195957,0.017228112,-0.42037317,0.05988463,-0.7280695,0.20468424,-0.04106244,-0.19152212,-0.79822946,0.60402983
0.6678207,0.9940921,-0.35528588,0.106798686,0.015989989,-0.25297153,0.26793033,-0.15524657,-0.08303134,-0.55928373,-0.60830927,-0.38760373,-0.1342636,0.29492018,-0.17092146,-0.11377101,0.06102714,-0.09621535,-0.09170073,0.3665595,-0.30076194,0.14217436,-0.516042,0.3804458,1.0204264,-0.32393914,-0.16170463,0.12248791,-0.20339705,0.16981794,-0.0143573275,-0.61671406,0.20773084,0.20593017,0.3617106,-0.043473516,0.21329372,0.40269047,0.045969944,0.35970688,0.6180325,0.2619452,0.21643713,0.8873707,0.12868235,0.18643093,0.085791655,-0.13508663,-0.022309294,0.15240195,-0.28470612,-0.49911207,0.43415514,0.5516001,0.38035518,0.14100716,-0.52486634,0.024246445,-0.76932526,0.07045623,0.07565669,-0.021867221,-0.7084731,0.51759034
0.4055925,0.9023223,-0.33353418,0.06893595,0.011511902,-0.21986893,0.27436215,-0.21085162,-0.21740429,-0.4638148,-0.8049317,-0.48770696,-0.20973028,0.17560503,-0.32848835,-0.15786952,-0.0053315293,-0.21439983,0.05812083,0.5602813,-0.48172623,0.18537939,-0.65715605,0.44447008,0.7769293,-0.39221683,-0.28592068,0.17132987,-0.1648977,-0.0038841933,-0.10843872,-0.5182372,0.30124858,0.22045544,0.39117894,-0.10551981,0.11074179,0.30678752,0.05341397,0.1772126,0.5072629,0.28168857,0.31357923,0.7508996,0.12843387,0.3024107,0.23029594,-0.13016555,-0.0037258721,0.27747113,-0.39331743,-0.4869383,0.29479083,0.36032668,0.26912645,0.0055498797,-0.41719055,0.13324416,-0.7714153,0.26446185,-0.013582844,-0.13451152,-0.7682676,0.5701588
0.5751522,1.0931627,-0.44621134,0.18434952,0.020266553,-0.32724136,0.36616078,-0.34585112,-0.32380956,-0.544008,-0.8026857,-0.635464,-0.16965528,0.14662497,-0.26244655,-0.07425014,-0.06487356,-0.21640748,0.13047637,0.5349622,-0.41169217,0.25156507,-0.5154869,0.38131037,0.8484327,-0.27439412,-0.3451846,0.11350335,-0.34122404,0.2283785,0.01610975,-0.37282813,0.13685104,0.16846675,0.41280404,-0.044218905,0.16435882,0.3642646,-0.10914103,0.16150215,0.5875652,0.1538119,0.27378482,0.7061303,0.10034623,0.13233025,0.15550275,-0.01923951,-0.020112803,0.12639523,-0.32849005,-0.44664147,0.32999077,0.47258013,0.36534548,0.108576514,-0.44510725,-0.06335613,-0.8452968,0.21277422,0.007842692,0.13453077,-0.7026566,0.5154
0.3605534,0.87813425,-0.41598034,0.17726964,0.036990896,-0.29773945,0.3871343,-0.18583012,-0.29254904,-0.5939648,-0.69783723,-0.60307306,-0.1347522,0.16921785,-0.3769044,-0.046303958,-0.040162027,-0.34214973,0.14343672,0.41758218,-0.37609133,0.21827506,-0.62005025,0.55378234,0.8139384,-0.33477253,-0.20850869,0.14624876,-0.14907533,0.17139168,0.025530633,-0.40968198,0.13584456,0.15620945,0.33657712,-0.13809589,0.05645425,0.47694826,0.08611714,0.1542484,0.5783268,0.16436012,0.34191906,0.8433872,0.16109563,0.16471802,0.15406218,-0.084344275,-0.034898847,0.2167416,-0.34069324,-0.41165408,0.39935625,0.4322975,0.32717708,0.009923244,-0.42143703,0.04719315,-0.68812895,0.22486873,0.18669227,-0.03589722,-0.8165564,0.5678398
0.5707297,0.96181905,-0.44494474,0.22975318,-0.011787856,-0.14452098,0.2840001,-0.15187822,-0.25249016,-0.48692524,-0.92502964,-0.6115097,-0.20434175,0.1530102,-0.17186688,-0.09708071,0.1187503,-0.1770274,0.2718991,0.5121766,-0.4314389,0.27085072,-0.6121946,0.36801225,0.8341004,-0.3795429,-0.28695232,0.15950108,-0.24934635,0.032583565,-0.025180338,-0.45978737,0.20356475,0.07403123,0.3862106,0.13764341,0.105386,0.43470696,-0.054063853,0.12475197,0.6376204,0.1107629,-0.0070310654,0.7678347,0.028755104,0.1283251,0.051376402,-0.07307798,-0.11729341,0.029678145,-0.25446007,-0.44772777,0.38616836,0.4503546,0.36425027,-0.022376377,-0.3225899,0.115618534,-0.6843513,0.20254588,-0.051021747,-0.04762694,-0.7963813,0.41065317
0.55456054,0.74071825,-0.2794146,0.004826004,-0.0153946085,-0.29162753,0.27932364,-0.1660181,-0.2533631,-0.58153605,-0.7601898,-0.61611474,-0.11244852,0.2492564,-0.17197384,-0.2826497,0.08106522,-0.19875547,0.071126655,0.45055264,-0.2872832,0.2735815,-0.55464214,0.5519935,0.95855635,-0.36961737,-0.15670331,0.115768544,-0.15266849,0.15293948,0.17056844,-0.52900934,0.18966775,0.22162353,0.45643705,0.07455761,0.15819514,0.40133974,0.09662378,0.28574884,0.6148135,0.13016929,0.24743219,0.85777074,0.11842114,0.13333322,0.099125676,-0.16307296,-0.03720275,0.049512748,-0.232773,-0.50291586,0.37859878,0.5041076,0.39560437,-0.011391866,-0.43472034,-0.10952378,-0.69410473,0.1664006,-0.007121617,-0.11928145,-0.7772264,0.40700567
0.56165636,0.69497514,-0.39956847,0.13466467,-0.098835304,-0.10697862,0.28459454,-0.34532174,-0.21948104,-0.4601052,-0.8390096,-0.5155251,-0.1914995,0.14224592,-0.18099578,-0.117828794,-0.04046481,-0.19340275,0.10578797,0.53744763,-0.43205595,0.18402544,-0.6922774,0.33773097,0.78311914,-0.3574158,-0.35978922,0.078780524,-0.068589985,0.07242982,-0.044340115,-0.4521513,0.21388938,0.1883889,0.3666986,0.057553302,0.1311359,0.3529929,-0.18966824,0.15391447,0.5983185,0.19583665,0.36094642,0.82861346,0.08047381,0.23737597,0.14245792,-0.21900043,-0.017451901,0.17731993,-0.3706775,-0.4896781,0.37916195,0.4023327,0.40729585,0.0011273909,-0.397361,-0.0018816146,-0.84641993,0.2201666,-0.15530631,-0.08308641,-0.78652936,0.539461
0.4631787,0.8539813,-0.40762,0.01767704,-0.10701523,-0.24909113,0.34924608,-0.10589789,-0.20226714,-0.43919072,-0.8221476,-0.5205388,-0.2327027,0.20746034,-0.23115073,-0.23682724,-0.05560683,-0.20889743,0.09332186,0.5246723,-0.4208376,0.16425589,-0.6980808,0.41700724,0.8059567,-0.39187452,-0.27706352,0.18631677,-0.1636401,0.07481525,0.029684894,-0.4403627,0.21849148,0.22703536,0.43304685,-0.056405775,0.041154865,0.3394934,0.041098516,0.14572348,0.5391294,0.2150948,0.27620006,0.79355997,0.0824503,0.1766696,0.15517005,-0.14935075,0.018727554,0.1353698,-0.3397489,-0.48196244,0.32965097,0.42184705,0.31373146,-0.029512726,-0.34045196,0.14637603,-0.7623824,0.15983033,-0.08203841,-0.1266379,-0.81902564,0.60056496
0.41457024,0.97058344,-0.32015967,0.09182548,0.054187417,-0.18236639,0.24705926,-0.15941733,-0.25624725,-0.46216404,-0.7186239,-0.51648015,-0.14118549,0.08709235,-0.41674596,-0.106943086,-0.095351435,-0.10468364,0.026193073,0.43566144,-0.37198192,0.2818821,-0.5895314,0.44182566,0.84160084,-0.44873843,-0.22991733,0.10131103,-0.09865131,0.10888943,-0.033838566,-0.48187068,0.23512997,0.18110032,0.40557447,-0.069149815,0.11255634,0.38628528,-0.0084984265,0.1616059,0.5191593,0.17210181,0.42291752,0.8609392,0.18030144,0.17214985,0.1540321,-0.13632742,-0.115867406,0.30126515,-0.22899324,-0.357699,0.28613093,0.43031883,0.38479567,0.055336285,-0.495681,0.051411983,-0.7806172,0.3229676,0.033158544,-0.13222034,-0.8131602,0.51298714
0.49092707,0.9334705,-0.45628613,0.13125354,0.041520756,-0.25149962,0.39628568,-0.19042814,-0.28580117,-0.5884238,-0.8088952,-0.6152982,-0.16162044,0.17884167,-0.3354275,0.018695863,-0.07367216,-0.26207694,0.068296336,0.5059114,-0.36411315,0.2883628,-0.7281678,0.34624463,0.6672411,-0.30892333,-0.3591257,0.16352281,-0.08921876,0.21731053,0.04607382,-0.40722385,0.18653859,0.120764606,0.3575919,-0.08913143,0.12500276,0.4797338,0.028741727,0.07549303,0.56637365,0.116736986,0.29322246,0.93251204,0.08538952,0.28831574,0.17008519,-0.105591685,-0.11028875,0.14380987,-0.38506085,-0.38341403,0.31671458,0.39321053,0.32516348,-0.03907703,-0.49483043,0.06268953,-0.68327624,0.3144048,-0.02018155,-0.0752149,-0.72779065,0.52679944
0.4504156,1.0687801,-0.26786417,-0.045546386,-0.101630256,-0.25631937,0.40259013,-0.23448223,-0.10947575,-0.6112593,-0.55177456,-0.3362548,-0.029506363,0.33460623,-0.1671987,-0.2241439,0.051343407,-0.28531432,0.12520745,0.4653603,-0.4467305,0.096757285,-0.62025213,0.47553214,0.9231429,-0.29678875,-0.20422871,0.1913461,-0.21802494,0.14944984,0.07501978,-0.4525624,0.31783912,0.10988442,0.4709635,-0.09842281,0.092566215,0.31759873,0.0045943237,0.29851812,0.64407754,0.14845031,0.30044207,0.71001196,0.10142626,0.09867839,0.059404388,-0.08949822,0.17677058,-0.02773748,-0.4245101,-0.6018838,0.38443804,0.42507684,0.1510732,-0.02632008,-0.41540122,-0.000351373,-0.7781287,0.18519436,0.10107572,-0.052319143,-0.7296394,0.58016
0.5035722,0.8257976,-0.33247748,-0.056617215,-0.06640866,-0.2170861,0.44795108,-0.25135607,-0.2750688,-0.51843935,-0.6764286,-0.64447826,-0.059944883,0.057814714,-0.2948873,-0.13413349,-0.04063685,-0.17634544,0.16445136,0.5243303,-0.26801974,0.34009284,-0.66263705,0.5053555,0.7855187,-0.38681862,-0.29132468,0.19726987,-0.2159407,0.120522864,0.08950496,-0.44212684,0.20082486,0.16076152,0.47005004,-0.069235235,0.056353983,0.36142534,-0.035397295,0.18504371,0.58187395,0.19760185,0.30848414,0.84128684,0.17889805,0.24258383,0.12912093,-0.14690442,-0.08273421,0.09084533,-0.239013,-0.4188085,0.40146232,0.45591217,0.42349043,0.054549944,-0.30427775,0.029963361,-0.7404131,0.2902595,0.092345804,0.034146197,-0.8209531,0.4899152
0.5423086,0.80987674,-0.33601105,0.09926148,0.15276043,-0.21387003,0.41553083,-0.2706872,-0.44770527,-0.6425506,-0.73582333,-0.7417007,-0.09142562,0.069991075,-0.3603269,-0.08311202,0.025965799,-0.24298508,0.11187156,0.43742728,-0.3366695,0.23621859,-0.6002346,0.44667655,0.8320724,-0.35851216,-0.33727065,0.11887965,-0.060977247,0.13293807,0.08470764,-0.394664,0.1980823,0.31541288,0.25354263,0.052724786,0.10737967,0.41247964,-0.13950215,0.21998082,0.59193325,0.22337407,0.2382692,0.811628,0.06647147,0.19547424,0.14767042,-0.057686567,-0.07466764,-0.023861958,-0.25152066,-0.33441833,0.28531644,0.4799004,0.43824613,0.083020784,-0.40636778,-0.04652308,-0.7341905,0.13956583,-0.08075911,-0.021194614,-0.7604958,0.5215945
0.46586987,0.83466154,-0.36026707,0.18945773,-0.014164891,-0.27550358,0.1988688,-0.2906948,-0.13048626,-0.5106073,-0.78630286,-0.49887353,-0.04213816,0.21295264,-0.1763389,-0.34961164,0.17019701,-0.17509921,0.057989534,0.45123136,-0.48471338,0.14560392,-0.668594,0.4714453,0.893798,-0.50070673,-0.24509512,-0.020151237,-0.27082464,-0.051167503,0.017026007,-0.41957518,0.35615852,0.10317307,0.3586604,0.20434327,0.10314538,0.3803463,0.092887364,0.33223438,0.6060404,0.19543035,0.19421701,0.9324849,0.031144014,0.19000882,0.05038349,-0.05907693,0.019536449,0.10350827,-0.33826584,-0.52962893,0.30574405,0.39564782,0.39220005,-0.010336003,-0.47984165,0.008583984,-0.84699494,0.17401105,0.092728704,-0.08425929,-0.74032617,0.45698783
0.45353684,0.94757396,-0.42926258,-0.037331358,0.04410736,-0.4010404,0.32435086,-0.17541526,-0.20614703,-0.5783907,-0.67674875,-0.56525975,-0.19545063,0.28225118,-0.34624094,-0.16478993,-0.04815584,-0.25077233,0.10810634,0.5124589,-0.402882,0.23947513,-0.5941726,0.38560736,0.762673,-0.2735097,-0.091607064,0.25281143,-0.17810379,0.12041358,0.050759774,-0.40209624,0.11867067,0.26938334,0.45100722,-0.1744063,0.17504969,0.44055542,0.09509739,0.11457779,0.49828032,0.08205761,0.387024,0.77272713,0.19852595,0.18935384,0.1926625,-0.09648321,0.0073107127,0.13350451,-0.37286332,-0.42027387,0.305787,0.41890615,0.25099477,-0.017404446,-0.45679656,0.024909778,-0.69839686,0.18804488,0.028044762,-0.07302663,-0.89768577,0.5454794
0.39202344,0.85034335,-0.32574335,0.23056714,-0.100249864,-0.42801446,0.43231556,-0.22553892,-0.19541444,-0.6486902,-0.7187285,-0.6290503,-0.14656407,0.29021177,-0.15023805,-0.20550334,0.14987792,-0.18906763,0.1102015,0.49699345,-0.4253954,0.03720452,-0.60644495,0.53163123,0.8342948,-0.35638806,-0.17270127,0.103274204,-0.3441828,0.16031893,0.10326005,-0.4797533,0.3128869,0.07017653,0.2736988,-0.016445028,0.11782971,0.37441254,0.11211745,0.41792643,0.5323718,0.2082151,0.21368118,0.84526825,0.079743184,0.14912073,0.17190623,-0.03252622,0.019463757,-0.029900778,-0.32032847,-0.5174805,0.37591183,0.46935582,0.20127875,0.008361498,-0.3867334,-0.023726389,-0.8044694,0.102537364,0.12735045,-0.08019464,-0.77451676,0.5538868
0.5415637,0.9080421,-0.3904546,0.115650475,0.04262032,-0.22384927,0.24174024,-0.21097001,-0.20401716,-0.46500242,-0.68704456,-0.51249385,-0.04170285,0.16365895,-0.2186297,-0.0342479,0.14998241,-0.18523404,0.045890197,0.3663114,-0.44445914,0.22780456,-0.7476472,0.27238795,0.8346266,-0.35447517,-0.2535025,0.14172627,-0.1947461,0.033225268,0.0058930223,-0.361549,0.21565425,0.107802555,0.3071757,0.014803616,0.12327785,0.4186377,-0.033277754,0.1454504,0.69634765,0.16745596,0.17130843,0.92286783,0.07634557,0.16937387,0.13738719,-0.10023314,-0.13540962,0.15032534,-0.33624297,-0.48728797,0.29577658,0.43143415,0.3873008,0.100328594,-0.41244954,0.088283196,-0.72312844,0.095011055,0.02086322,-0.033566836,-0.84751886,0.5375497
0.4188253,1.0272214,-0.4842301,0.024178004,0.089803904,-0.21800016,0.37307844,-0.18702468,-0.29552487,-0.5298669,-0.6524744,-0.6106914,-0.1329104,0.17765842,-0.29750454,-0.07029904,0.08116677,-0.23499006,0.1513008,0.47286886,-0.43655157,0.2101269,-0.6987265,0.52401733,0.85239565,-0.35921335,-0.25152335,0.12045669,-0.16557068,0.079759985,-0.009308871,-0.49634865,0.21963075,0.16293885,0.32581747,0.11427938,0.026634684,0.37188026,-0.055770066,0.21222305,0.597806,0.19486849,0.20068881,0.79786026,0.071627915,0.15712656,0.14201427,-0.045092784,-0.14713502,0.1355973,-0.3475738,-0.39894137,0.28881818,0.4406961,0.3799854,0.04383497,-0.49016875,0.07968403,-0.7686462,0.16632344,0.006451505,-0.088975675,-0.73260444,0.53058875
0.52220154,0.69065905,-0.52033085,0.044352937,-0.015339567,-0.25209466,0.3681251,-0.33982548,-0.4355656,-0.64339703,-0.7864583,-0.67311245,-0.08037148,0.117954396,-0.21127084,-0.08310705,0.029113848,-0.21311107,0.061583992,0.49373448,-0.36016297,0.26832813,-0.61846495,0.47382554,0.8766415,-0.27068126,-0.3862966,0.10738132,-0.15845597,0.11962298,0.057867244,-0.48714495,0.25012404,0.18352221,0.29287073,0.18238072,0.13189377,0.40419585,-0.047023762,0.2854544,0.5910313,0.23605421,0.068330765,0.8311879,0.09167533,0.34581816,0.17940588,-0.08166973,-0.10545841,-0.0014435033,-0.28295964,-0.43142265,0.35119566,0.4381926,0.47478443,0.044883743,-0.39797074,0.020569332,-0.70361435,0.21070512,-0.06198229,-0.08724664,-0.6920593,0.43439367
0.63436604,0.99768126,-0.34895748,-0.05073993,0.100061424,-0.22817075,0.40248904,-0.14533238,-0.32014942,-0.48253128,-0.8110108,-0.47212547,-0.1577603,0.19370997,-0.35249332,-0.013159124,-0.104130715,-0.25814795,0.19727752,0.40309662,-0.23168103,0.179922,-0.70800424,0.41052732,0.9378966,-0.15886071,-0.0887239,0.18912415,-0.1693698,0.21688302,0.057315502,-0.4958468,0.17638753,0.1656844,0.32348981,-0.11365634,0.16362563,0.5107799,-0.03397769,0.21766819,0.543748,0.10971917,0.3952624,0.84372973,0.17955391,0.22580548,0.27860653,-0.05412051,-0.055308133,0.12945727,-0.36751285,-0.43084213,0.4277926,0.44646144,0.3305846,-0.042973936,-0.41297197,-0.020268437,-0.67051214,0.09711292,-0.038128935,-0.14419048,-0.69594026,0.57955503
0.4560195,0.89929235,-0.5501957,-0.015742045,-0.008895145,-0.30610412,0.34363848,-0.29739302,-0.34301805,-0.55485535,-0.648386,-0.6494664,-0.10198756,0.1614398,-0.24980599,-0.18565227,0.018532932,-0.1509232,0.058706068,0.5005292,-0.31717357,0.18739091,-0.69073236,0.4771415,0.8915007,-0.3833296,-0.27173784,0.07788604,-0.13384397,0.16138974,0.045102634,-0.46791548,0.1994539,0.22065754,0.45593274,0.014458519,0.15183254,0.32804236,-0.06269759,0.36085385,0.48615837,0.14173058,0.1491801,0.84549385,0.09933236,0.27529365,0.12667258,-0.18227589,-0.014079842,0.04970108,-0.29940856,-0.38734803,0.26317132,0.40923485,0.37841636,0.025462076,-0.44202578,0.079588704,-0.86487097,0.13524953,-0.10642576,-0.098329246,-0.7988262,0.48211363
0.42693618,0.8768928,-0.3615999,0.13768701,0.015158186,-0.27612957,0.32375085,-0.3249208,-0.27089348,-0.52534413,-0.64505106,-0.57245487,-0.09225281,0.19629705,-0.3122391,-0.20113517,-0.009158141,-0.22586375,0.0581748,0.38765308,-0.39773023,0.24895698,-0.567121,0.43901822,0.8207396,-0.41606456,-0.2626279,0.07612527,-0.12957115,0.10771334,-0.025456795,-0.4248246,0.28743047,0.21885118,0.43845794,0.031202646,0.21365355,0.4078003,-0.08094769,0.18730651,0.6244797,0.192881,0.2937322,0.77290475,0.16593207,0.19114313,0.03643327,-0.13060737,0.00768785,0.17259136,-0.24400394,-0.38681608,0.33704424,0.40490717,0.32095516,0.085835405,-0.4697991,-0.0586513,-0.7562542,0.1372884,0.08764203,-0.13754576,-0.83319014,0.4843976
0.7218634,1.1014225,-0.38765594,0.050705064,0.04202293,-0.35642996,0.3337027,-0.15953748,-0.29548597,-0.6665157,-0.57128805,-0.60772705,-0.13158059,0.12445006,-0.30313933,-0.024449743,0.026461871,-0.15642667,0.1287801,0.4447437,-0.2909282,0.17671783,-0.8203738,0.43604478,0.7825667,-0.28286788,-0.24854892,0.13104841,-0.16050106,0.23395626,0.09033123,-0.38047177,0.16493046,0.24615386,0.31122538,0.083619036,0.12245407,0.44194454,0.010350303,0.24522169,0.53217363,0.17173582,0.289396,0.8219352,0.06526116,0.16129309,0.18441491,0.034303628,-0.0152236065,0.042939402,-0.30333212,-0.41329455,0.26289073,0.34871048,0.3477916,0.030146064,-0.4318529,-0.024529139,-0.71565634,0.2202045,-0.10604513,-0.038009845,-0.6894944,0.6235191
