0.32244782709340314,0.021803711936000447,0.0072689280047035015,0.0,0.036329284824613006,0.014537087908723576,0.0072689280047035015,0.0,0.014537087908723576,0.021803711936000447,0.0,0.0,0.014537087908723576,0.029068032959429876,0.0,0.014537087908723576,0.0072689280047035015,0.0072689280047035015,0.0,0.0,0.0,0.0072689280047035015,0.0072689280047035015,0.0,0.0,0.0,0.036329284824613006,0.0,0.0,0.0072689280047035015,0.0,0.0,0.0072689280047035015,0.0,0.0,0.0,0.0,0.0,0.0,0.0,0.0,0.0,0.0,0.0,0.0,0.0,0.0,0.0,0.0,0.0072689280047035015,0.0,0.0,0.0,0.0,0.0,0.0,0.0,0.0072689280047035015,0.0,0.0,0.0,0.0,0.0,0.0,0.0,0.0,0.0,0.0,0.0,0.0,0.0,0.0
0.021803711936000447,0.22850334848858903,0.014537087908723576,0.0072689280047035015,0.043586702672732416,0.021803711936000447,0.0072689280047035015,0.0072689280047035015,0.043586702672732416,0.014537087908723576,0.0072689280047035015,0.0,0.029068032959429876,0.0072689280047035015,0.014537087908723576,0.0,0.0,0.0,0.014537087908723576,0.0,0.0,0.0072689280047035015,0.0,0.0072689280047035015,0.0,0.0,0.036329284824613006,0.0,0.021803711936000447,0.0,0.0,0.0072689280047035015,0.0072689280047035015,0.0,0.0,0.0,0.0072689280047035015,0.0,0.0,0.0,0.0072689280047035015,0.0,0.0,0.0,0.0,0.0,0.014537087908723576,0.0,0.0,0.0,0.0,0.0,0.0,0.0,0.0,0.0,0.0,0.0,0.0,0.0,0.0,0.0,0.0,0.0,0.0,0.0,0.0,0.0,0.0,0.0,0.0,0.0
0.0072689280047035015,0.014537087908723576,0.12294875817941302,0.0,0.029068032959429876,0.021803711936000447,0.0,0.0,0.0072689280047035015,0.0,0.0,0.0,0.0072689280047035015,0.0072689280047035015,0.0072689280047035015,0.0072689280047035015,0.0,0.0,0.0,0.0,0.0,0.0,0.014537087908723576,0.0,0.0,0.0,0.014537087908723576,0.0,0.0072689280047035015,0.0,0.0,0.0,0.0,0.0,0.0,0.0,0.0,0.0,0.0,0.0,0.0,0.0,0.0,0.0,0.0,0.0,0.0,0.0,0.0,0.0,0.0,0.0,0.0,0.0,0.0,0.0072689280047035015,0.0072689280047035015,0.0,0.0,0.0,0.0,0.0,0.0,0.0,0.0,0.0,0.0,0.0,0.0,0.0,0.0072689280047035015,0.0
0.0,0.0072689280047035015,0.0,0.06532832970586445,0.014537087908723576,0.0072689280047035015,0.0072689280047035015,0.0,0.0072689280047035015,0.0,0.0,0.0,0.014537087908723576,0.0,0.014537087908723576,0.0,0.0,0.0072689280047035015,0.0072689280047035015,0.0,0.0,0.0,0.0,0.0,0.0,0.0,0.0,0.0,0.0,0.0,0.0,0.0,0.0,0.0072689280047035015,0.0,0.0,0.0,0.0,0.0,0.0,0.0,0.0072689280047035015,0.0,0.0,0.029068032959429876,0.0,0.0072689280047035015,0.0,0.0,0.0,0.0072689280047035015,0.0,0.0,0.0,0.0,0.0,0.0,0.0,0.0,0.0,0.0072689280047035015,0.0,0.0,0.0,0.0,0.0,0.0,0.0,0.0,0.0,0.0,0.0
0.036329284824613006,0.043586702672732416,0.029068032959429876,0.014537087908723576,0.422459016620926,0.021803711936000447,0.021803711936000447,0.0,0.05083952326226837,0.036329284824613006,0.0072689280047035015,0.0,0.07256280003682326,0.014537087908723576,0.014537087908723576,0.021803711936000447,0.0072689280047035015,0.0,0.036329284824613006,0.0,0.0,0.0,0.014537087908723576,0.014537087908723576,0.029068032959429876,0.0,0.043586702672732416,0.0072689280047035015,0.029068032959429876,0.0,0.0,0.0072689280047035015,0.058086985289265106,0.0072689280047035015,0.0072689280047035015,0.0,0.0072689280047035015,0.0,0.0,0.0,0.0072689280047035015,0.0,0.0,0.0072689280047035015,0.0,0.0,0.0072689280047035015,0.0072689280047035015,0.0,0.0,0.0072689280047035015,0.0,0.0,0.0,0.0,0.0,0.0072689280047035015,0.0072689280047035015,0.0072689280047035015,0.0072689280047035015,0.0072689280047035015,0.0,0.0,0.0,0.0,0.0,0.0072689280047035015,0.0,0.0,0.0,0.0072689280047035015,0.0
0.014537087908723576,0.021803711936000447,0.021803711936000447,0.0072689280047035015,0.021803711936000447,0.21467937679412177,0.0072689280047035015,0.0,0.021803711936000447,0.0,0.0,0.0,0.029068032959429876,0.021803711936000447,0.0072689280047035015,0.014537087908723576,0.0072689280047035015,0.0,0.0072689280047035015,0.0,0.0,0.014537087908723576,0.0072689280047035015,0.0072689280047035015,0.0,0.0,0.014537087908723576,0.0,0.0072689280047035015,0.0,0.0,0.0,0.0,0.0,0.0,0.0,0.0,0.0,0.0,0.0,0.0072689280047035015,0.0,0.0,0.0,0.0,0.0,0.0072689280047035015,0.0,0.0,0.0,0.0,0.0072689280047035015,0.0,0.0,0.0,0.0072689280047035015,0.0072689280047035015,0.0,0.0,0.0,0.0,0.0,0.0,0.0,0.0,0.0,0.0,0.0,0.0,0.0,0.0072689280047035015,0.0
0.0072689280047035015,0.0072689280047035015,0.0,0.0072689280047035015,0.021803711936000447,0.0072689280047035015,0.058086985289265106,0.0,0.0072689280047035015,0.0,0.0,0.0,0.014537087908723576,0.0,0.0072689280047035015,0.0,0.0,0.0,0.0,0.0,0.0,0.0,0.0,0.0072689280047035015,0.0072689280047035015,0.0,0.0,0.0,0.0072689280047035015,0.0,0.0,0.0,0.0072689280047035015,0.0,0.0,0.0,0.0,0.0,0.0,0.0,0.0,0.0,0.0,0.0072689280047035015,0.0,0.0,0.0,0.0,0.0,0.0,0.0,0.0,0.0,0.0,0.0,0.0,0.0,0.0,0.0,0.0,0.0,0.0,0.0,0.0,0.0,0.0,0.0,0.0,0.0,0.0,0.0,0.0
0.0,0.0072689280047035015,0.0,0.0,0.0,0.0,0.0,0.05083952326226837,0.0072689280047035015,0.0,0.0,0.0072689280047035015,0.021803711936000447,0.0072689280047035015,0.0,0.0,0.0,0.0,0.0,0.0072689280047035015,0.0072689280047035015,0.0072689280047035015,0.0,0.0072689280047035015,0.0,0.0,0.0072689280047035015,0.0,0.0072689280047035015,0.0,0.0,0.0,0.0,0.0,0.0,0.0,0.0,0.0,0.0,0.0,0.0,0.0,0.0,0.0,0.0,0.0,0.0,0.0,0.0,0.0,0.0,0.0,0.0,0.0,0.0,0.0,0.0,0.0,0.0,0.0,0.0,0.0,0.0,0.0,0.0,0.0,0.0,0.0,0.0,0.0,0.0,0.0
0.014537087908723576,0.043586702672732416,0.0072689280047035015,0.0072689280047035015,0.05083952326226837,0.021803711936000447,0.0072689280047035015,0.0072689280047035015,0.3354126840086511,0.0072689280047035015,0.0,0.014537087908723576,0.05083952326226837,0.014537087908723576,0.021803711936000447,0.014537087908723576,0.014537087908723576,0.0,0.021803711936000447,0.0,0.014537087908723576,0.014537087908723576,0.0072689280047035015,0.0072689280047035015,0.0072689280047035015,0.0,0.043586702672732416,0.0072689280047035015,0.029068032959429876,0.0,0.0,0.014537087908723576,0.029068032959429876,0.0,0.0,0.0,0.0072689280047035015,0.0072689280047035015,0.0,0.0072689280047035015,0.0072689280047035015,0.0,0.0072689280047035015,0.0,0.0,0.0,0.0,0.0,0.0072689280047035015,0.0,0.0,0.0,0.0,0.0,0.0,0.0,0.0,0.0,0.0,0.0,0.0,0.0,0.0072689280047035015,0.0,0.0,0.0,0.0,0.0,0.0,0.0,0.0,0.0072689280047035015
0.021803711936000447,0.014537087908723576,0.0,0.0,0.036329284824613006,0.0,0.0,0.0,0.0072689280047035015,0.12294875817941302,0.0,0.0,0.0072689280047035015,0.014537087908723576,0.0072689280047035015,0.0072689280047035015,0.0,0.0,0.0,0.0,0.0,0.0,0.0072689280047035015,0.0,0.0,0.0,0.0072689280047035015,0.0,0.0072689280047035015,0.0,0.0,0.0,0.0,0.0,0.0,0.0,0.0,0.0,0.0,0.0,0.0,0.0,0.0,0.0,0.0,0.0,0.0,0.0,0.0,0.0,0.0,0.0,0.0,0.0,0.0,0.0,0.0,0.0,0.0,0.0,0.0,0.0,0.0,0.0,0.0,0.0,0.0072689280047035015,0.0,0.0,0.0,0.0,0.0
0.0,0.0072689280047035015,0.0,0.0,0.0072689280047035015,0.0,0.0,0.0,0.0,0.0,0.0072689280047035015,0.0,0.0,0.0,0.0,0.0,0.0,0.0,0.0,0.0,0.0,0.0,0.0,0.0,0.0,0.0,0.0072689280047035015,0.0,0.0,0.0,0.0,0.0,0.0,0.0,0.0,0.0,0.0,0.0,0.0,0.0,0.0,0.0,0.0,0.0,0.0,0.0,0.0,0.0,0.0,0.0,0.0,0.0,0.0,0.0,0.0,0.0,0.0,0.0,0.0,0.0,0.0,0.0,0.0,0.0,0.0,0.0,0.0,0.0,0.0,0.0,0.0,0.0
0.0,0.0,0.0,0.0,0.0,0.0,0.0,0.0072689280047035015,0.014537087908723576,0.0,0.0,0.036329284824613006,0.0072689280047035015,0.0072689280047035015,0.0,0.0,0.0,0.0,0.0,0.0,0.0072689280047035015,0.0,0.0,0.0,0.0,0.0,0.0,0.0,0.0,0.0,0.0,0.0,0.0,0.0,0.0,0.0,0.0,0.0,0.0,0.0,0.0,0.0,0.0,0.0,0.0,0.0,0.0,0.0,0.0,0.0,0.0,0.0,0.0,0.0,0.0,0.0,0.0,0.0,0.0,0.0,0.0072689280047035015,0.0,0.0,0.0,0.0,0.0,0.0,0.0,0.0,0.0,0.0,0.0
0.014537087908723576,0.029068032959429876,0.0072689280047035015,0.014537087908723576,0.07256280003682326,0.029068032959429876,0.014537087908723576,0.021803711936000447,0.05083952326226837,0.0072689280047035015,0.0,0.0072689280047035015,0.48587099089608127,0.05083952326226837,0.014537087908723576,0.043586702672732416,0.021803711936000447,0.029068032959429876,0.036329284824613006,0.0072689280047035015,0.014537087908723576,0.0,0.0,0.021803711936000447,0.021803711936000447,0.0,0.043586702672732416,0.0072689280047035015,0.014537087908723576,0.0,0.0072689280047035015,0.0,0.021803711936000447,0.0072689280047035015,0.0,0.0072689280047035015,0.0,0.0,0.0072689280047035015,0.0,0.0,0.0,0.0,0.0072689280047035015,0.0,0.0,0.0,0.0,0.0,0.0072689280047035015,0.0,0.0,0.0,0.0072689280047035015,0.0,0.0,0.0072689280047035015,0.0,0.0,0.0072689280047035015,0.0,0.0,0.0072689280047035015,0.0,0.0072689280047035015,0.0,0.0,0.0,0.0072689280047035015,0.0072689280047035015,0.0,0.0
0.029068032959429876,0.0072689280047035015,0.0072689280047035015,0.0,0.014537087908723576,0.021803711936000447,0.0,0.0072689280047035015,0.014537087908723576,0.014537087908723576,0.0,0.0072689280047035015,0.05083952326226837,0.28283622853631707,0.014537087908723576,0.014537087908723576,0.021803711936000447,0.0072689280047035015,0.021803711936000447,0.0,0.0,0.0072689280047035015,0.0072689280047035015,0.0072689280047035015,0.0,0.0,0.0072689280047035015,0.0,0.0072689280047035015,0.0,0.0,0.0072689280047035015,0.0,0.0,0.0,0.0072689280047035015,0.0,0.0,0.0072689280047035015,0.0,0.0,0.0,0.0,0.0,0.0,0.0,0.0,0.0,0.0,0.0,0.0,0.0,0.0,0.0,0.0,0.0072689280047035015,0.0,0.0,0.0,0.0,0.0,0.0072689280047035015,0.0,0.0,0.0,0.0,0.0,0.0,0.0072689280047035015,0.0072689280047035015,0.0,0.0
0.0,0.014537087908723576,0.0072689280047035015,0.014537087908723576,0.014537087908723576,0.0072689280047035015,0.0072689280047035015,0.0,0.021803711936000447,0.0072689280047035015,0.0,0.0,0.014537087908723576,0.014537087908723576,0.15147543632533844,0.0,0.0,0.014537087908723576,0.014537087908723576,0.0,0.0,0.0,0.0,0.0072689280047035015,0.0,0.0,0.021803711936000447,0.0,0.0072689280047035015,0.0,0.0,0.0,0.0,0.0,0.0,0.0072689280047035015,0.0,0.0,0.0072689280047035015,0.0,0.0,0.0,0.0,0.0,0.0,0.0,0.0072689280047035015,0.0,0.0,0.0,0.0,0.0,0.0,0.0,0.0,0.0,0.0,0.0,0.0,0.0,0.0,0.0,0.0,0.0,0.0,0.0,0.0,0.0,0.0072689280047035015,0.0072689280047035015,0.0,0.0
0.014537087908723576,0.0,0.0072689280047035015,0.0,0.021803711936000447,0.014537087908723576,0.0,0.0,0.014537087908723576,0.0072689280047035015,0.0,0.0,0.043586702672732416,0.014537087908723576,0.0,0.13724055372628347,0.0072689280047035015,0.0072689280047035015,0.029068032959429876,0.0,0.0,0.0,0.0,0.0,0.0,0.0,0.014537087908723576,0.0,0.0072689280047035015,0.0,0.0,0.0,0.014537087908723576,0.0072689280047035015,0.0,0.0,0.0,0.0,0.0,0.0,0.0,0.0,0.0,0.0,0.0,0.0,0.0,0.0072689280047035015,0.0,0.0,0.0,0.0,0.0,0.0072689280047035015,0.0,0.0,0.0072689280047035015,0.0,0.0,0.0,0.0,0.0,0.0,0.0,0.0072689280047035015,0.0,0.0,0.0,0.0,0.0,0.0,0.0
0.0072689280047035015,0.0,0.0,0.0,0.0072689280047035015,0.0072689280047035015,0.0,0.0,0.014537087908723576,0.0,0.0,0.0,0.021803711936000447,0.021803711936000447,0.0,0.0072689280047035015,0.10141691856332234,0.0,0.014537087908723576,0.0,0.0,0.0,0.0072689280047035015,0.0,0.0,0.0,0.021803711936000447,0.0072689280047035015,0.0,0.0,0.0,0.0,0.0,0.0,0.0,0.0,0.0,0.0,0.0,0.0,0.0,0.0,0.0,0.0,0.0,0.0,0.0072689280047035015,0.0,0.0,0.0072689280047035015,0.0,0.0,0.0,0.0,0.0,0.0,0.0,0.0,0.0,0.0,0.0,0.0,0.0,0.0,0.0,0.0,0.0,0.0,0.0,0.0,0.0,0.0
0.0072689280047035015,0.0,0.0,0.0072689280047035015,0.0,0.0,0.0,0.0,0.0,0.0,0.0,0.0,0.029068032959429876,0.0072689280047035015,0.014537087908723576,0.0072689280047035015,0.0,0.12294875817941302,0.0,0.0,0.0,0.0,0.0,0.0072689280047035015,0.0,0.0,0.0,0.0,0.0072689280047035015,0.0,0.0,0.0,0.0,0.0,0.0,0.0072689280047035015,0.0,0.0,0.0072689280047035015,0.0,0.0,0.0,0.0,0.0,0.0,0.0,0.0,0.0,0.0,0.0,0.0,0.0,0.0,0.0072689280047035015,0.0,0.0,0.0,0.0,0.0,0.0,0.0,0.0,0.0,0.0,0.0072689280047035015,0.0,0.0,0.0,0.0072689280047035015,0.0072689280047035015,0.0,0.0
0.0,0.014537087908723576,0.0,0.0072689280047035015,0.036329284824613006,0.0072689280047035015,0.0,0.0,0.021803711936000447,0.0,0.0,0.0,0.036329284824613006,0.021803711936000447,0.014537087908723576,0.029068032959429876,0.014537087908723576,0.0,0.1867768889999795,0.0,0.0,0.0,0.0,0.0,0.0072689280047035015,0.0,0.014537087908723576,0.0072689280047035015,0.0,0.0,0.0,0.0,0.0072689280047035015,0.0,0.0,0.0,0.0,0.0,0.0,0.0,0.014537087908723576,0.0,0.0,0.0,0.0,0.0,0.014537087908723576,0.0072689280047035015,0.0,0.0,0.0072689280047035015,0.0,0.0,0.0,0.0,0.0,0.0,0.0,0.0,0.0072689280047035015,0.0072689280047035015,0.0,0.0,0.0,0.0,0.0,0.0,0.0,0.0,0.0,0.0,0.0
0.0,0.0,0.0,0.0,0.0,0.0,0.0,0.0072689280047035015,0.0,0.0,0.0,0.0,0.0072689280047035015,0.0,0.0,0.0,0.0,0.0,0.0,0.029068032959429876,0.0,0.0,0.0,0.0,0.0,0.0,0.0,0.0,0.0072689280047035015,0.0,0.0,0.0,0.0,0.0,0.0,0.0,0.0,0.0,0.0,0.0,0.0,0.0,0.0,0.0,0.0,0.0,0.0,0.0,0.0,0.0,0.0,0.0,0.0,0.0,0.0,0.0,0.0,0.0,0.0,0.0,0.0,0.0,0.0,0.0,0.0,0.0,0.0,0.0,0.0,0.0,0.0072689280047035015,0.0
0.0,0.0,0.0,0.0,0.0,0.0,0.0,0.0072689280047035015,0.014537087908723576,0.0,0.0,0.0072689280047035015,0.014537087908723576,0.0,0.0,0.0,0.0,0.0,0.0,0.0,0.036329284824613006,0.0,0.0,0.0,0.0,0.0,0.0,0.0,0.0,0.0,0.0,0.0,0.0,0.0,0.0,0.0,0.0,0.0,0.0,0.0,0.0,0.0,0.0,0.0,0.0,0.0,0.0,0.0,0.0,0.0,0.0,0.0,0.0,0.0,0.0,0.0,0.0,0.0,0.0,0.0,0.0,0.0,0.0,0.0,0.0,0.0,0.0,0.0,0.0,0.0,0.0,0.0
0.0072689280047035015,0.0072689280047035015,0.0,0.0,0.0,0.014537087908723576,0.0,0.0072689280047035015,0.014537087908723576,0.0,0.0,0.0,0.0,0.0072689280047035015,0.0,0.0,0.0,0.0,0.0,0.0,0.0,0.07256280003682326,0.0,0.0,0.0,0.0,0.0072689280047035015,0.0,0.0072689280047035015,0.0,0.0,0.0,0.0,0.0,0.0,0.0,0.0,0.0,0.0,0.0,0.0072689280047035015,0.0,0.0,0.0,0.0,0.0,0.0,0.0,0.0,0.0,0.0,0.0,0.0,0.0,0.0,0.0,0.0,0.0,0.0,0.0,0.0,0.0,0.0,0.0072689280047035015,0.0,0.0,0.0,0.0,0.0,0.0,0.0072689280047035015,0.0
0.0072689280047035015,0.0,0.014537087908723576,0.0,0.014537087908723576,0.0072689280047035015,0.0,0.0,0.0072689280047035015,0.0072689280047035015,0.0,0.0,0.0,0.0072689280047035015,0.0,0.0,0.0072689280047035015,0.0,0.0,0.0,0.0,0.0,0.043586702672732416,0.0072689280047035015,0.0,0.0,0.0072689280047035015,0.0,0.0,0.0,0.0,0.0,0.0,0.0,0.0,0.0,0.0,0.0,0.0,0.0,0.0,0.0,0.0,0.0,0.0,0.0,0.0,0.0,0.0,0.0,0.0,0.0,0.0,0.0,0.0,0.0,0.0,0.0,0.0,0.0,0.0,0.0,0.0,0.0,0.0,0.0,0.0,0.0,0.0,0.0,0.0,0.0
0.0,0.0072689280047035015,0.0,0.0,0.014537087908723576,0.0072689280047035015,0.0072689280047035015,0.0072689280047035015,0.0072689280047035015,0.0,0.0,0.0,0.021803711936000447,0.0072689280047035015,0.0072689280047035015,0.0,0.0,0.0072689280047035015,0.0,0.0,0.0,0.0,0.0072689280047035015,0.13724055372628347,0.0072689280047035015,0.0,0.0072689280047035015,0.0,0.0,0.0,0.0,0.0,0.0072689280047035015,0.0,0.0,0.0072689280047035015,0.0,0.0,0.0072689280047035015,0.0,0.0,0.0,0.0,0.0072689280047035015,0.0,0.0,0.0,0.0,0.0,0.0,0.0,0.0,0.0,0.0,0.0,0.0,0.0,0.0,0.0072689280047035015,0.0,0.0,0.0,0.0,0.0,0.0,0.0,0.0,0.0,0.0072689280047035015,0.0072689280047035015,0.0,0.0
0.0,0.0,0.0,0.0,0.029068032959429876,0.0,0.0072689280047035015,0.0,0.0072689280047035015,0.0,0.0,0.0,0.021803711936000447,0.0,0.0,0.0,0.0,0.0,0.0072689280047035015,0.0,0.0,0.0,0.0,0.0072689280047035015,0.20773461635945814,0.0,0.0072689280047035015,0.0,0.0,0.0,0.0,0.0,0.20773461635945814,0.0,0.0,0.0,0.0,0.0,0.0,0.0,0.0,0.0,0.0,0.0072689280047035015,0.0,0.0,0.0,0.0,0.0,0.0,0.0,0.0,0.0,0.0,0.0,0.0,0.0,0.0,0.0,0.0,0.0,0.0,0.0,0.0,0.0,0.0,0.0,0.0,0.0,0.0,0.0,0.0
0.0,0.0,0.0,0.0,0.0,0.0,0.0,0.0,0.0,0.0,0.0,0.0,0.0,0.0,0.0,0.0,0.0,0.0,0.0,0.0,0.0,0.0,0.0,0.0,0.0,0.0072689280047035015,0.0,0.0,0.0,0.0,0.0,0.0,0.0,0.0,0.0,0.0,0.0,0.0,0.0,0.0,0.0,0.0,0.0,0.0,0.0,0.0,0.0,0.0,0.0,0.0,0.0,0.0,0.0,0.0,0.0,0.0,0.0,0.0,0.0,0.0,0.0,0.0,0.0,0.0,0.0,0.0,0.0,0.0,0.0,0.0,0.0,0.0
0.036329284824613006,0.036329284824613006,0.014537087908723576,0.0,0.043586702672732416,0.014537087908723576,0.0,0.0072689280047035015,0.043586702672732416,0.0072689280047035015,0.0072689280047035015,0.0,0.043586702672732416,0.0072689280047035015,0.021803711936000447,0.014537087908723576,0.021803711936000447,0.0,0.014537087908723576,0.0,0.0,0.0072689280047035015,0.0072689280047035015,0.0072689280047035015,0.0072689280047035015,0.0,0.289509948353249,0.0072689280047035015,0.0072689280047035015,0.0,0.0,0.0,0.021803711936000447,0.0072689280047035015,0.0,0.0,0.0,0.0,0.0,0.0,0.0072689280047035015,0.0,0.0,0.0,0.0,0.0,0.0072689280047035015,0.0,0.0,0.0072689280047035015,0.0,0.0,0.0,0.0,0.0,0.0,0.0,0.0,0.0,0.0,0.0,0.0,0.0072689280047035015,0.0,0.0,0.0,0.0,0.0,0.0,0.0,0.0,0.0
0.0,0.0,0.0,0.0,0.0072689280047035015,0.0,0.0,0.0,0.0072689280047035015,0.0,0.0,0.0,0.0072689280047035015,0.0,0.0,0.0,0.0072689280047035015,0.0,0.0072689280047035015,0.0,0.0,0.0,0.0,0.0,0.0,0.0,0.0072689280047035015,0.06532832970586445,0.0072689280047035015,0.0,0.0,0.0,0.0,0.0,0.0,0.0,0.0,0.0,0.0,0.0,0.0,0.0,0.0,0.0,0.0,0.0,0.0072689280047035015,0.0,0.0,0.0,0.0,0.0,0.0,0.0,0.0,0.0,0.0,0.0,0.0,0.0,0.0,0.0,0.0072689280047035015,0.0,0.0,0.0,0.0,0.0,0.0,0.0,0.0,0.0
0.0,0.021803711936000447,0.0072689280047035015,0.0,0.029068032959429876,0.0072689280047035015,0.0072689280047035015,0.0072689280047035015,0.029068032959429876,0.0072689280047035015,0.0,0.0,0.014537087908723576,0.0072689280047035015,0.0072689280047035015,0.0072689280047035015,0.0,0.0072689280047035015,0.0,0.0072689280047035015,0.0,0.0072689280047035015,0.0,0.0,0.0,0.0,0.0072689280047035015,0.0072689280047035015,0.11578330637227643,0.0,0.0,0.0072689280047035015,0.014537087908723576,0.0,0.0,0.0,0.0072689280047035015,0.0072689280047035015,0.0,0.0,0.0,0.0,0.0,0.0,0.0,0.0,0.0,0.0072689280047035015,0.0,0.0,0.0,0.0,0.0,0.0,0.0,0.0,0.0,0.0,0.0,0.0,0.0,0.0,0.0,0.0,0.0,0.0,0.0,0.0,0.0,0.0,0.0,0.0
0.0072689280047035015,0.0,0.0,0.0,0.0,0.0,0.0,0.0,0.0,0.0,0.0,0.0,0.0,0.0,0.0,0.0,0.0,0.0,0.0,0.0,0.0,0.0,0.0,0.0,0.0,0.0,0.0,0.0,0.0,0.014537087908723576,0.0,0.0,0.0,0.0,0.0,0.0,0.0,0.0,0.0,0.0,0.0,0.0,0.0,0.0,0.0,0.0,0.0,0.0,0.0,0.0,0.0,0.0,0.0,0.0,0.0,0.0,0.0,0.0,0.0,0.0,0.0,0.0,0.0,0.0,0.0,0.0,0.0,0.0,0.0,0.0,0.0,0.0
0.0,0.0,0.0,0.0,0.0,0.0,0.0,0.0,0.0,0.0,0.0,0.0,0.0072689280047035015,0.0,0.0,0.0,0.0,0.0,0.0,0.0,0.0,0.0,0.0,0.0,0.0,0.0,0.0,0.0,0.0,0.0,0.0072689280047035015,0.0,0.0,0.0,0.0,0.0,0.0,0.0,0.0,0.0,0.0,0.0,0.0,0.0,0.0,0.0,0.0,0.0,0.0,0.0,0.0,0.0,0.0,0.0,0.0,0.0,0.0,0.0,0.0,0.0,0.0,0.0,0.0,0.0,0.0,0.0,0.0,0.0,0.0,0.0,0.0,0.0
0.0,0.0072689280047035015,0.0,0.0,0.0072689280047035015,0.0,0.0,0.0,0.014537087908723576,0.0,0.0,0.0,0.0,0.0072689280047035015,0.0,0.0,0.0,0.0,0.0,0.0,0.0,0.0,0.0,0.0,0.0,0.0,0.0,0.0,0.0072689280047035015,0.0,0.0,0.029068032959429876,0.0072689280047035015,0.0,0.0,0.0,0.0072689280047035015,0.0,0.0,0.0,0.0,0.0,0.0,0.0,0.0,0.0,0.0,0.0,0.0,0.0,0.0,0.0,0.0,0.0,0.0,0.0,0.0,0.0,0.0,0.0,0.0,0.0,0.0,0.0,0.0,0.0,0.0,0.0,0.0,0.0,0.0,0.0
0.0072689280047035015,0.0072689280047035015,0.0,0.0,0.058086985289265106,0.0,0.0072689280047035015,0.0,0.029068032959429876,0.0,0.0,0.0,0.021803711936000447,0.0,0.0,0.014537087908723576,0.0,0.0,0.0072689280047035015,0.0,0.0,0.0,0.0,0.0072689280047035015,0.20773461635945814,0.0,0.021803711936000447,0.0,0.014537087908723576,0.0,0.0,0.0072689280047035015,0.2558718441042944,0.0,0.0,0.0,0.0072689280047035015,0.0,0.0,0.0,0.0072689280047035015,0.0,0.0,0.0072689280047035015,0.0,0.0,0.0,0.0072689280047035015,0.0,0.0,0.0,0.0,0.0,0.0,0.0,0.0,0.0,0.0,0.0,0.0,0.0,0.0,0.0,0.0,0.0,0.0,0.0,0.0,0.0,0.0,0.0,0.0
0.0,0.0,0.0,0.0072689280047035015,0.0072689280047035015,0.0,0.0,0.0,0.0,0.0,0.0,0.0,0.0072689280047035015,0.0,0.0,0.0072689280047035015,0.0,0.0,0.0,0.0,0.0,0.0,0.0,0.0,0.0,0.0,0.0072689280047035015,0.0,0.0,0.0,0.0,0.0,0.0,0.10141691856332234,0.0,0.0,0.0,0.0,0.0,0.0,0.0,0.0,0.0,0.0,0.0072689280047035015,0.0,0.0,0.0,0.0,0.0,0.0,0.0,0.0,0.0,0.0,0.0,0.0,0.0,0.0,0.0,0.0,0.0,0.0,0.0,0.0,0.0,0.0,0.0,0.0,0.0,0.0,0.0
0.0,0.0,0.0,0.0,0.0072689280047035015,0.0,0.0,0.0,0.0,0.0,0.0,0.0,0.0,0.0,0.0,0.0,0.0,0.0,0.0,0.0,0.0,0.0,0.0,0.0,0.0,0.0,0.0,0.0,0.0,0.0,0.0,0.0,0.0,0.0,0.0072689280047035015,0.0,0.0,0.0,0.0,0.0,0.0,0.0,0.0,0.0,0.0,0.0,0.0,0.0,0.0,0.0,0.0,0.0,0.0,0.0,0.0,0.0,0.0,0.0,0.0,0.0,0.0,0.0,0.0,0.0,0.0,0.0,0.0,0.0,0.0,0.0,0.0,0.0
0.0,0.0,0.0,0.0,0.0,0.0,0.0,0.0,0.0,0.0,0.0,0.0,0.0072689280047035015,0.0072689280047035015,0.0072689280047035015,0.0,0.0,0.0072689280047035015,0.0,0.0,0.0,0.0,0.0,0.0072689280047035015,0.0,0.0,0.0,0.0,0.0,0.0,0.0,0.0,0.0,0.0,0.0,0.014537087908723576,0.0,0.0,0.0072689280047035015,0.0,0.0,0.0,0.0,0.0,0.0,0.0,0.0,0.0,0.0,0.0,0.0,0.0,0.0,0.0,0.0,0.0,0.0,0.0,0.0,0.0,0.0,0.0,0.0,0.0,0.0,0.0,0.0,0.0,0.0072689280047035015,0.0072689280047035015,0.0,0.0
0.0,0.0072689280047035015,0.0,0.0,0.0072689280047035015,0.0,0.0,0.0,0.0072689280047035015,0.0,0.0,0.0,0.0,0.0,0.0,0.0,0.0,0.0,0.0,0.0,0.0,0.0,0.0,0.0,0.0,0.0,0.0,0.0,0.0072689280047035015,0.0,0.0,0.0072689280047035015,0.0072689280047035015,0.0,0.0,0.0,0.0072689280047035015,0.0,0.0,0.0,0.0,0.0,0.0,0.0,0.0,0.0,0.0,0.0,0.0,0.0,0.0,0.0,0.0,0.0,0.0,0.0,0.0,0.0,0.0,0.0,0.0,0.0,0.0,0.0,0.0,0.0,0.0,0.0,0.0,0.0,0.0,0.0
0.0,0.0,0.0,0.0,0.0,0.0,0.0,0.0,0.0072689280047035015,0.0,0.0,0.0,0.0,0.0,0.0,0.0,0.0,0.0,0.0,0.0,0.0,0.0,0.0,0.0,0.0,0.0,0.0,0.0,0.0072689280047035015,0.0,0.0,0.0,0.0,0.0,0.0,0.0,0.0,0.0072689280047035015,0.0,0.0,0.0,0.0,0.0,0.0,0.0,0.0,0.0,0.0,0.0,0.0,0.0,0.0,0.0,0.0,0.0,0.0,0.0,0.0,0.0,0.0,0.0,0.0,0.0,0.0,0.0,0.0,0.0,0.0,0.0,0.0,0.0,0.0
0.0,0.0,0.0,0.0,0.0,0.0,0.0,0.0,0.0,0.0,0.0,0.0,0.0072689280047035015,0.0072689280047035015,0.0072689280047035015,0.0,0.0,0.0072689280047035015,0.0,0.0,0.0,0.0,0.0,0.0072689280047035015,0.0,0.0,0.0,0.0,0.0,0.0,0.0,0.0,0.0,0.0,0.0,0.0072689280047035015,0.0,0.0,0.0072689280047035015,0.0,0.0,0.0,0.0,0.0,0.0,0.0,0.0,0.0,0.0,0.0,0.0,0.0,0.0,0.0,0.0,0.0,0.0,0.0,0.0,0.0,0.0,0.0,0.0,0.0,0.0,0.0,0.0,0.0,0.0072689280047035015,0.0072689280047035015,0.0,0.0
0.0,0.0,0.0,0.0,0.0,0.0,0.0,0.0,0.0072689280047035015,0.0,0.0,0.0,0.0,0.0,0.0,0.0,0.0,0.0,0.0,0.0,0.0,0.0,0.0,0.0,0.0,0.0,0.0,0.0,0.0,0.0,0.0,0.0,0.0,0.0,0.0,0.0,0.0,0.0,0.0,0.0072689280047035015,0.0,0.0,0.0,0.0,0.0,0.0,0.0,0.0,0.0,0.0,0.0,0.0,0.0,0.0,0.0,0.0,0.0,0.0,0.0,0.0,0.0,0.0,0.0,0.0,0.0,0.0,0.0,0.0,0.0,0.0,0.0,0.0
0.0,0.0072689280047035015,0.0,0.0,0.0072689280047035015,0.0072689280047035015,0.0,0.0,0.0072689280047035015,0.0,0.0,0.0,0.0,0.0,0.0,0.0,0.0,0.0,0.014537087908723576,0.0,0.0,0.0072689280047035015,0.0,0.0,0.0,0.0,0.0072689280047035015,0.0,0.0,0.0,0.0,0.0,0.0072689280047035015,0.0,0.0,0.0,0.0,0.0,0.0,0.0,0.036329284824613006,0.0,0.0,0.0,0.0,0.0,0.0072689280047035015,0.0,0.0,0.0,0.0,0.0,0.0,0.0,0.0,0.0,0.0,0.0,0.0,0.0,0.0,0.0,0.0,0.0072689280047035015,0.0,0.0,0.0,0.0,0.0,0.0,0.0,0.0
0.0,0.0,0.0,0.0072689280047035015,0.0,0.0,0.0,0.0,0.0,0.0,0.0,0.0,0.0,0.0,0.0,0.0,0.0,0.0,0.0,0.0,0.0,0.0,0.0,0.0,0.0,0.0,0.0,0.0,0.0,0.0,0.0,0.0,0.0,0.0,0.0,0.0,0.0,0.0,0.0,0.0,0.0,0.021803711936000447,0.0,0.0,0.0,0.0,0.0,0.0,0.0,0.0,0.0,0.0,0.0,0.0,0.0,0.0,0.0,0.0,0.0,0.0,0.0,0.0,0.0,0.0,0.0,0.0,0.0,0.0,0.0,0.0,0.0,0.0
0.0,0.0,0.0,0.0,0.0,0.0,0.0,0.0,0.0072689280047035015,0.0,0.0,0.0,0.0,0.0,0.0,0.0,0.0,0.0,0.0,0.0,0.0,0.0,0.0,0.0,0.0,0.0,0.0,0.0,0.0,0.0,0.0,0.0,0.0,0.0,0.0,0.0,0.0,0.0,0.0,0.0,0.0,0.0,0.0072689280047035015,0.0,0.0,0.0,0.0,0.0,0.0,0.0,0.0,0.0,0.0,0.0,0.0,0.0,0.0,0.0,0.0,0.0,0.0,0.0,0.0,0.0,0.0,0.0,0.0,0.0,0.0,0.0,0.0,0.0
0.0,0.0,0.0,0.0,0.0072689280047035015,0.0,0.0072689280047035015,0.0,0.0,0.0,0.0,0.0,0.0072689280047035015,0.0,0.0,0.0,0.0,0.0,0.0,0.0,0.0,0.0,0.0,0.0072689280047035015,0.0072689280047035015,0.0,0.0,0.0,0.0,0.0,0.0,0.0,0.0072689280047035015,0.0,0.0,0.0,0.0,0.0,0.0,0.0,0.0,0.0,0.0,0.021803711936000447,0.0,0.0,0.0,0.0,0.0,0.0,0.0,0.0,0.0,0.0,0.0,0.0,0.0,0.0,0.0,0.0,0.0,0.0,0.0,0.0,0.0,0.0,0.0,0.0,0.0,0.0,0.0,0.0
0.0,0.0,0.0,0.029068032959429876,0.0,0.0,0.0,0.0,0.0,0.0,0.0,0.0,0.0,0.0,0.0,0.0,0.0,0.0,0.0,0.0,0.0,0.0,0.0,0.0,0.0,0.0,0.0,0.0,0.0,0.0,0.0,0.0,0.0,0.0072689280047035015,0.0,0.0,0.0,0.0,0.0,0.0,0.0,0.0,0.0,0.0,0.029068032959429876,0.0,0.0,0.0,0.0,0.0,0.0,0.0,0.0,0.0,0.0,0.0,0.0,0.0,0.0,0.0,0.0,0.0,0.0,0.0,0.0,0.0,0.0,0.0,0.0,0.0,0.0,0.0
0.0,0.0,0.0,0.0,0.0,0.0,0.0,0.0,0.0,0.0,0.0,0.0,0.0,0.0,0.0,0.0,0.0,0.0,0.0,0.0,0.0,0.0,0.0,0.0,0.0,0.0,0.0,0.0,0.0,0.0,0.0,0.0,0.0,0.0,0.0,0.0,0.0,0.0,0.0,0.0,0.0,0.0,0.0,0.0,0.0,0.0072689280047035015,0.0072689280047035015,0.0,0.0,0.0,0.0,0.0,0.0,0.0,0.0,0.0,0.0,0.0,0.0,0.0,0.0,0.0,0.0,0.0,0.0,0.0,0.0,0.0,0.0,0.0,0.0,0.0
0.0,0.014537087908723576,0.0,0.0072689280047035015,0.0072689280047035015,0.0072689280047035015,0.0,0.0,0.0,0.0,0.0,0.0,0.0,0.0,0.0072689280047035015,0.0,0.0072689280047035015,0.0,0.014537087908723576,0.0,0.0,0.0,0.0,0.0,0.0,0.0,0.0072689280047035015,0.0072689280047035015,0.0,0.0,0.0,0.0,0.0,0.0,0.0,0.0,0.0,0.0,0.0,0.0,0.0072689280047035015,0.0,0.0,0.0,0.0,0.0072689280047035015,0.07256280003682326,0.0,0.0,0.0,0.0,0.0,0.0,0.0,0.0,0.0,0.0,0.0,0.0,0.0,0.0,0.0,0.0,0.0,0.0,0.0,0.0,0.0,0.0,0.0,0.0,0.0
0.0,0.0,0.0,0.0,0.0072689280047035015,0.0,0.0,0.0,0.0,0.0,0.0,0.0,0.0,0.0,0.0,0.0072689280047035015,0.0,0.0,0.0072689280047035015,0.0,0.0,0.0,0.0,0.0,0.0,0.0,0.0,0.0,0.0072689280047035015,0.0,0.0,0.0,0.0072689280047035015,0.0,0.0,0.0,0.0,0.0,0.0,0.0,0.0,0.0,0.0,0.0,0.0,0.0,0.0,0.014537087908723576,0.0,0.0,0.0,0.0,0.0,0.0,0.0,0.0,0.0,0.0,0.0,0.0,0.0,0.0,0.0,0.0,0.0,0.0,0.0,0.0,0.0,0.0,0.0,0.0
0.0,0.0,0.0,0.0,0.0,0.0,0.0,0.0,0.0072689280047035015,0.0,0.0,0.0,0.0,0.0,0.0,0.0,0.0,0.0,0.0,0.0,0.0,0.0,0.0,0.0,0.0,0.0,0.0,0.0,0.0,0.0,0.0,0.0,0.0,0.0,0.0,0.0,0.0,0.0,0.0,0.0,0.0,0.0,0.0,0.0,0.0,0.0,0.0,0.0,0.014537087908723576,0.0,0.0,0.0,0.0,0.0,0.0,0.0,0.0,0.0,0.0,0.0,0.0,0.0,0.0,0.0,0.0,0.0,0.0,0.0,0.0,0.0,0.0,0.0
0.0072689280047035015,0.0,0.0,0.0,0.0,0.0,0.0,0.0,0.0,0.0,0.0,0.0,0.0072689280047035015,0.0,0.0,0.0,0.0072689280047035015,0.0,0.0,0.0,0.0,0.0,0.0,0.0,0.0,0.0,0.0072689280047035015,0.0,0.0,0.0,0.0,0.0,0.0,0.0,0.0,0.0,0.0,0.0,0.0,0.0,0.0,0.0,0.0,0.0,0.0,0.0,0.0,0.0,0.0,0.0072689280047035015,0.0,0.0,0.0,0.0,0.0,0.0,0.0,0.0,0.0,0.0,0.0,0.0,0.0,0.0,0.0,0.0,0.0,0.0,0.0,0.0,0.0,0.0
0.0,0.0,0.0,0.0072689280047035015,0.0072689280047035015,0.0,0.0,0.0,0.0,0.0,0.0,0.0,0.0,0.0,0.0,0.0,0.0,0.0,0.0072689280047035015,0.0,0.0,0.0,0.0,0.0,0.0,0.0,0.0,0.0,0.0,0.0,0.0,0.0,0.0,0.0,0.0,0.0,0.0,0.0,0.0,0.0,0.0,0.0,0.0,0.0,0.0,0.0,0.0,0.0,0.0,0.0,0.021803711936000447,0.0,0.0,0.0,0.0,0.0,0.0,0.0,0.0,0.0,0.021803711936000447,0.0,0.0,0.0,0.0,0.0,0.0,0.0,0.0,0.0,0.0,0.0
0.0,0.0,0.0,0.0,0.0,0.0072689280047035015,0.0,0.0,0.0,0.0,0.0,0.0,0.0,0.0,0.0,0.0,0.0,0.0,0.0,0.0,0.0,0.0,0.0,0.0,0.0,0.0,0.0,0.0,0.0,0.0,0.0,0.0,0.0,0.0,0.0,0.0,0.0,0.0,0.0,0.0,0.0,0.0,0.0,0.0,0.0,0.0,0.0,0.0,0.0,0.0,0.0,0.0072689280047035015,0.0,0.0,0.0,0.0,0.0,0.0,0.0,0.0,0.0,0.0,0.0,0.0,0.0,0.0,0.0,0.0,0.0,0.0,0.0,0.0
0.0,0.0,0.0,0.0,0.0,0.0,0.0,0.0,0.0,0.0,0.0,0.0,0.0,0.0,0.0,0.0,0.0,0.0,0.0,0.0,0.0,0.0,0.0,0.0,0.0,0.0,0.0,0.0,0.0,0.0,0.0,0.0,0.0,0.0,0.0,0.0,0.0,0.0,0.0,0.0,0.0,0.0,0.0,0.0,0.0,0.0,0.0,0.0,0.0,0.0,0.0,0.0,0.0072689280047035015,0.0,0.0,0.0,0.0,0.0,0.0,0.0,0.0,0.0,0.0,0.0,0.0,0.0,0.0,0.0,0.0,0.0,0.0,0.0
0.0,0.0,0.0,0.0,0.0,0.0,0.0,0.0,0.0,0.0,0.0,0.0,0.0072689280047035015,0.0,0.0,0.0072689280047035015,0.0,0.0072689280047035015,0.0,0.0,0.0,0.0,0.0,0.0,0.0,0.0,0.0,0.0,0.0,0.0,0.0,0.0,0.0,0.0,0.0,0.0,0.0,0.0,0.0,0.0,0.0,0.0,0.0,0.0,0.0,0.0,0.0,0.0,0.0,0.0,0.0,0.0,0.0,0.014537087908723576,0.0,0.0,0.0,0.0,0.0,0.0,0.0,0.0,0.0,0.0,0.0072689280047035015,0.0,0.0,0.0,0.0,0.0,0.0,0.0
0.0,0.0,0.0,0.0,0.0,0.0,0.0,0.0,0.0,0.0,0.0,0.0,0.0,0.0,0.0,0.0,0.0,0.0,0.0,0.0,0.0,0.0,0.0,0.0,0.0,0.0,0.0,0.0,0.0,0.0,0.0,0.0,0.0,0.0,0.0,0.0,0.0,0.0,0.0,0.0,0.0,0.0,0.0,0.0,0.0,0.0,0.0,0.0,0.0,0.0,0.0,0.0,0.0,0.0,0.0072689280047035015,0.0,0.0,0.0,0.0,0.0,0.0,0.0,0.0,0.0,0.0,0.0,0.0,0.0,0.0,0.0,0.0,0.0
0.0,0.0,0.0072689280047035015,0.0,0.0,0.0072689280047035015,0.0,0.0,0.0,0.0,0.0,0.0,0.0,0.0072689280047035015,0.0,0.0,0.0,0.0,0.0,0.0,0.0,0.0,0.0,0.0,0.0,0.0,0.0,0.0,0.0,0.0,0.0,0.0,0.0,0.0,0.0,0.0,0.0,0.0,0.0,0.0,0.0,0.0,0.0,0.0,0.0,0.0,0.0,0.0,0.0,0.0,0.0,0.0,0.0,0.0,0.0,0.014537087908723576,0.0,0.0,0.0,0.0,0.0,0.0,0.0,0.0,0.0072689280047035015,0.0,0.0,0.0,0.0,0.0,0.0,0.0
0.0,0.0,0.0072689280047035015,0.0,0.0072689280047035015,0.0072689280047035015,0.0,0.0,0.0,0.0,0.0,0.0,0.0072689280047035015,0.0,0.0,0.0072689280047035015,0.0,0.0,0.0,0.0,0.0,0.0,0.0,0.0,0.0,0.0,0.0,0.0,0.0,0.0,0.0,0.0,0.0,0.0,0.0,0.0,0.0,0.0,0.0,0.0,0.0,0.0,0.0,0.0,0.0,0.0,0.0,0.0,0.0,0.0,0.0,0.0,0.0,0.0,0.0,0.0,0.0072689280047035015,0.0,0.0,0.0,0.0,0.0,0.0,0.0,0.0,0.0,0.0,0.0,0.0,0.0,0.0,0.0
0.0072689280047035015,0.0,0.0,0.0,0.0072689280047035015,0.0,0.0,0.0,0.0,0.0,0.0,0.0,0.0,0.0,0.0,0.0,0.0,0.0,0.0,0.0,0.0,0.0,0.0,0.0,0.0,0.0,0.0,0.0,0.0,0.0,0.0,0.0,0.0,0.0,0.0,0.0,0.0,0.0,0.0,0.0,0.0,0.0,0.0,0.0,0.0,0.0,0.0,0.0,0.0,0.0,0.0,0.0,0.0,0.0,0.0,0.0,0.0,0.021803711936000447,0.0,0.0,0.0,0.0,0.0,0.0,0.0,0.0,0.0,0.0,0.0,0.0,0.0,0.0
0.0,0.0,0.0,0.0,0.0072689280047035015,0.0,0.0,0.0,0.0,0.0,0.0,0.0,0.0,0.0,0.0,0.0,0.0,0.0,0.0,0.0,0.0,0.0,0.0,0.0072689280047035015,0.0,0.0,0.0,0.0,0.0,0.0,0.0,0.0,0.0,0.0,0.0,0.0,0.0,0.0,0.0,0.0,0.0,0.0,0.0,0.0,0.0,0.0,0.0,0.0,0.0,0.0,0.0,0.0,0.0,0.0,0.0,0.0,0.0,0.0,0.014537087908723576,0.0,0.0,0.0,0.0,0.0,0.0,0.0,0.0,0.0,0.0,0.0,0.0,0.0
0.0,0.0,0.0,0.0,0.0072689280047035015,0.0,0.0,0.0,0.0,0.0,0.0,0.0,0.0072689280047035015,0.0,0.0,0.0,0.0,0.0,0.0072689280047035015,0.0,0.0,0.0,0.0,0.0,0.0,0.0,0.0,0.0,0.0,0.0,0.0,0.0,0.0,0.0,0.0,0.0,0.0,0.0,0.0,0.0,0.0,0.0,0.0,0.0,0.0,0.0,0.0,0.0,0.0,0.0,0.0,0.0,0.0,0.0,0.0,0.0,0.0,0.0,0.0,0.0072689280047035015,0.0,0.0,0.0,0.0,0.0,0.0,0.0,0.0,0.0,0.0,0.0,0.0
0.0,0.0,0.0,0.0072689280047035015,0.0072689280047035015,0.0,0.0,0.0,0.0,0.0,0.0,0.0072689280047035015,0.0,0.0,0.0,0.0,0.0,0.0,0.0072689280047035015,0.0,0.0,0.0,0.0,0.0,0.0,0.0,0.0,0.0,0.0,0.0,0.0,0.0,0.0,0.0,0.0,0.0,0.0,0.0,0.0,0.0,0.0,0.0,0.0,0.0,0.0,0.0,0.0,0.0,0.0,0.0,0.021803711936000447,0.0,0.0,0.0,0.0,0.0,0.0,0.0,0.0,0.0,0.036329284824613006,0.0,0.0,0.0,0.0,0.0,0.0,0.0,0.0,0.0,0.0,0.0
0.0,0.0,0.0,0.0,0.0,0.0,0.0,0.0,0.0,0.0,0.0,0.0,0.0,0.0072689280047035015,0.0,0.0,0.0,0.0,0.0,0.0,0.0,0.0,0.0,0.0,0.0,0.0,0.0,0.0,0.0,0.0,0.0,0.0,0.0,0.0,0.0,0.0,0.0,0.0,0.0,0.0,0.0,0.0,0.0,0.0,0.0,0.0,0.0,0.0,0.0,0.0,0.0,0.0,0.0,0.0,0.0,0.0,0.0,0.0,0.0,0.0,0.0,0.0072689280047035015,0.0,0.0,0.0,0.0,0.0,0.0,0.0,0.0,0.0,0.0
0.0,0.0,0.0,0.0,0.0,0.0,0.0,0.0,0.0072689280047035015,0.0,0.0,0.0,0.0072689280047035015,0.0,0.0,0.0,0.0,0.0,0.0,0.0,0.0,0.0,0.0,0.0,0.0,0.0,0.0072689280047035015,0.0072689280047035015,0.0,0.0,0.0,0.0,0.0,0.0,0.0,0.0,0.0,0.0,0.0,0.0,0.0,0.0,0.0,0.0,0.0,0.0,0.0,0.0,0.0,0.0,0.0,0.0,0.0,0.0,0.0,0.0,0.0,0.0,0.0,0.0,0.0,0.0,0.0072689280047035015,0.0,0.0,0.0,0.0,0.0,0.0,0.0,0.0,0.0
0.0,0.0,0.0,0.0,0.0,0.0,0.0,0.0,0.0,0.0,0.0,0.0,0.0,0.0,0.0,0.0,0.0,0.0,0.0,0.0,0.0,0.0072689280047035015,0.0,0.0,0.0,0.0,0.0,0.0,0.0,0.0,0.0,0.0,0.0,0.0,0.0,0.0,0.0,0.0,0.0,0.0,0.0072689280047035015,0.0,0.0,0.0,0.0,0.0,0.0,0.0,0.0,0.0,0.0,0.0,0.0,0.0,0.0,0.0,0.0,0.0,0.0,0.0,0.0,0.0,0.0,0.0072689280047035015,0.0,0.0,0.0,0.0,0.0,0.0,0.0,0.0
0.0,0.0,0.0,0.0,0.0,0.0,0.0,0.0,0.0,0.0,0.0,0.0,0.0072689280047035015,0.0,0.0,0.0072689280047035015,0.0,0.0072689280047035015,0.0,0.0,0.0,0.0,0.0,0.0,0.0,0.0,0.0,0.0,0.0,0.0,0.0,0.0,0.0,0.0,0.0,0.0,0.0,0.0,0.0,0.0,0.0,0.0,0.0,0.0,0.0,0.0,0.0,0.0,0.0,0.0,0.0,0.0,0.0,0.0072689280047035015,0.0,0.0072689280047035015,0.0,0.0,0.0,0.0,0.0,0.0,0.0,0.0,0.07978964269373788,0.0,0.0,0.0,0.0,0.0,0.0,0.0
0.0,0.0,0.0,0.0,0.0,0.0,0.0,0.0,0.0,0.0,0.0,0.0,0.0,0.0,0.0,0.0,0.0,0.0,0.0,0.0,0.0,0.0,0.0,0.0,0.0,0.0,0.0,0.0,0.0,0.0,0.0,0.0,0.0,0.0,0.0,0.0,0.0,0.0,0.0,0.0,0.0,0.0,0.0,0.0,0.0,0.0,0.0,0.0,0.0,0.0,0.0,0.0,0.0,0.0,0.0,0.0,0.0,0.0,0.0,0.0,0.0,0.0,0.0,0.0,0.0,0.0072689280047035015,0.0,0.0,0.0,0.0,0.0,0.0
0.0,0.0,0.0,0.0,0.0072689280047035015,0.0,0.0,0.0,0.0,0.0072689280047035015,0.0,0.0,0.0,0.0,0.0,0.0,0.0,0.0,0.0,0.0,0.0,0.0,0.0,0.0,0.0,0.0,0.0,0.0,0.0,0.0,0.0,0.0,0.0,0.0,0.0,0.0,0.0,0.0,0.0,0.0,0.0,0.0,0.0,0.0,0.0,0.0,0.0,0.0,0.0,0.0,0.0,0.0,0.0,0.0,0.0,0.0,0.0,0.0,0.0,0.0,0.0,0.0,0.0,0.0,0.0,0.0,0.0072689280047035015,0.0,0.0,0.0,0.0,0.0
0.0,0.0,0.0,0.0,0.0,0.0,0.0,0.0,0.0,0.0,0.0,0.0,0.0,0.0,0.0,0.0,0.0,0.0,0.0,0.0,0.0,0.0,0.0,0.0,0.0,0.0,0.0,0.0,0.0,0.0,0.0,0.0,0.0,0.0,0.0,0.0,0.0,0.0,0.0,0.0,0.0,0.0,0.0,0.0,0.0,0.0,0.0,0.0,0.0,0.0,0.0,0.0,0.0,0.0,0.0,0.0,0.0,0.0,0.0,0.0,0.0,0.0,0.0,0.0,0.0,0.0,0.0,0.0072689280047035015,0.0,0.0,0.0,0.0
0.0,0.0,0.0,0.0,0.0,0.0,0.0,0.0,0.0,0.0,0.0,0.0,0.0072689280047035015,0.0072689280047035015,0.0072689280047035015,0.0,0.0,0.0072689280047035015,0.0,0.0,0.0,0.0,0.0,0.0072689280047035015,0.0,0.0,0.0,0.0,0.0,0.0,0.0,0.0,0.0,0.0,0.0,0.0072689280047035015,0.0,0.0,0.0072689280047035015,0.0,0.0,0.0,0.0,0.0,0.0,0.0,0.0,0.0,0.0,0.0,0.0,0.0,0.0,0.0,0.0,0.0,0.0,0.0,0.0,0.0,0.0,0.0,0.0,0.0,0.0,0.0,0.0,0.0,0.0072689280047035015,0.0072689280047035015,0.0,0.0
0.0,0.0,0.0,0.0,0.0,0.0,0.0,0.0,0.0,0.0,0.0,0.0,0.0072689280047035015,0.0072689280047035015,0.0072689280047035015,0.0,0.0,0.0072689280047035015,0.0,0.0,0.0,0.0,0.0,0.0072689280047035015,0.0,0.0,0.0,0.0,0.0,0.0,0.0,0.0,0.0,0.0,0.0,0.0072689280047035015,0.0,0.0,0.0072689280047035015,0.0,0.0,0.0,0.0,0.0,0.0,0.0,0.0,0.0,0.0,0.0,0.0,0.0,0.0,0.0,0.0,0.0,0.0,0.0,0.0,0.0,0.0,0.0,0.0,0.0,0.0,0.0,0.0,0.0,0.0072689280047035015,0.0072689280047035015,0.0,0.0
0.0,0.0,0.0072689280047035015,0.0,0.0072689280047035015,0.0072689280047035015,0.0,0.0,0.0,0.0,0.0,0.0,0.0,0.0,0.0,0.0,0.0,0.0,0.0,0.0072689280047035015,0.0,0.0072689280047035015,0.0,0.0,0.0,0.0,0.0,0.0,0.0,0.0,0.0,0.0,0.0,0.0,0.0,0.0,0.0,0.0,0.0,0.0,0.0,0.0,0.0,0.0,0.0,0.0,0.0,0.0,0.0,0.0,0.0,0.0,0.0,0.0,0.0,0.0,0.0,0.0,0.0,0.0,0.0,0.0,0.0,0.0,0.0,0.0,0.0,0.0,0.0,0.0,0.08700810728669653,0.0
0.0,0.0,0.0,0.0,0.0,0.0,0.0,0.0,0.0072689280047035015,0.0,0.0,0.0,0.0,0.0,0.0,0.0,0.0,0.0,0.0,0.0,0.0,0.0,0.0,0.0,0.0,0.0,0.0,0.0,0.0,0.0,0.0,0.0,0.0,0.0,0.0,0.0,0.0,0.0,0.0,0.0,0.0,0.0,0.0,0.0,0.0,0.0,0.0,0.0,0.0,0.0,0.0,0.0,0.0,0.0,0.0,0.0,0.0,0.0,0.0,0.0,0.0,0.0,0.0,0.0,0.0,0.0,0.0,0.0,0.0,0.0,0.0,0.0072689280047035015
